year,month,element,day1,day2,day3,day4,day5,day6,day7,day8,day9,day10,day11,day12,day13,day14,day15,day16,day17,day18,day19,day20,day21,day22,day23,day24,day25,day26,day27,day28,day29,day30,day31
2018,1,max,20.836561,18.650176,21.418827,22.353077,19.531531,18.311828,17.159216,20.899307,18.322644,21.856583,21.834916,19.041503,22.743278,17.556475,22.084966,21.84277,20.217369,19.271206,21.976428,22.170241,21.227431,18.36739,17.478752,17.606009,20.814107,19.221086,18.601867,20.888212,18.026832,17.980415,22.93714
2018,1,min,16.736518,13.757333,14.712029,18.005322,15.412342,12.290407,12.363865,14.719541,11.965581,17.830588,15.042358,14.419585,17.3969,13.16961,15.670062,14.923842,12.324905,13.063044,15.502349,15.860833,17.044133,13.209838,12.547588,12.494114,15.354778,14.383058,10.855249,14.451688,11.110325,12.462593,16.377141
2018,2,max,24.341698,26.057112,22.374288,22.892718,22.265897,26.258206,24.932632,26.487286,22.589281,24.368209,24.507516,23.396403,26.985226,21.545456,21.657895,25.752476,21.381166,26.976728,26.82647,21.068886,25.090262,22.600951,21.669313,23.722342,26.255118,24.003517,26.475767,22.790669,24.653821,25.575065,25.671759
2018,2,min,17.603241,18.953112,18.245887,17.821755,14.494258,20.999494,19.350104,20.651878,17.602771,19.317242,16.916224,18.51912,20.94712,17.356991,15.148111,20.063836,15.854689,20.860271,19.383351,14.185999,18.942381,16.037104,15.930252,15.907079,21.201561,19.288909,18.993693,16.234871,20.042464,19.417549,19.550344
2018,3,max,23.931635,24.045064,29.200534,25.773288,29.196261,24.442124,24.343478,28.52321,26.779897,25.518543,26.467031,27.16398,25.13511,29.899099,26.556804,24.654228,25.956717,25.308892,24.354162,25.301854,29.086016,25.356231,25.213624,29.541289,26.764229,28.773185,24.509788,26.469675,28.302658,29.833194,26.343931
2018,3,min,18.63501,16.328669,21.873872,21.541587,21.408463,18.498162,17.30107,24.009644,20.580683,18.028811,21.619838,20.244255,19.888244,23.299587,20.4865,19.755439,19.603482,20.428022,17.82975,17.680174,24.802586,18.68032,20.684377,23.257116,19.625752,24.011546,18.785583,20.601576,21.6092,25.439523,20.986721
2018,4,max,30.170035,26.141253,27.53129,26.498839,27.658784,28.301952,30.995695,30.813978,30.092174,27.913847,27.406242,27.273839,26.591218,27.73005,30.743906,28.33461,25.928781,30.812256,28.253171,25.342992,28.017102,25.944596,25.480669,28.570211,26.411223,30.341724,28.567115,27.515349,28.136696,26.225555,26.432116
2018,4,min,25.17541,20.346799,22.417109,18.805776,20.213388,24.099599,23.651584,23.10851,25.42693,23.058858,23.1717,19.332603,19.454936,22.03802,22.762215,21.460977,20.74195,24.495535,21.261269,19.006281,20.606223,18.101481,20.737369,21.86936,21.931677,25.356862,22.089589,21.18066,20.397871,19.360788,20.848972
2018,5,max,27.958345,25.825266,24.363462,29.91893,24.367768,25.519406,29.213388,26.145366,28.930673,27.59827,27.852061,28.830828,27.908536,24.73395,24.570419,25.562293,28.233876,27.733631,26.859394,29.004826,26.469658,23.949477,27.750883,28.375589,26.494325,24.379666,29.351775,28.935773,24.816766,25.777753,28.704937
2018,5,min,22.758356,18.817808,18.53032,21.934544,19.51515,17.786368,21.696307,21.514378,22.116513,19.649338,23.820769,23.633313,20.152816,20.272235,18.357525,19.142973,23.419487,22.677695,19.238048,24.635632,21.362937,16.865,22.703062,22.168867,22.455646,16.847241,23.169414,22.605735,20.306984,18.181827,21.262127
2018,6,max,26.393548,22.497178,25.680697,23.438264,21.92732,26.187634,25.86463,21.148718,22.993113,25.813411,25.864496,25.724247,26.233001,22.334602,23.761819,25.772073,21.141987,22.969572,26.801335,24.84889,26.886898,26.635423,26.822404,26.775206,21.650415,25.37127,24.637253,23.311173,22.528335,21.010148,24.230712
2018,6,min,21.553242,18.086004,18.144159,16.955618,14.207796,18.28281,18.338966,14.20246,15.269849,18.357155,20.797273,21.291865,18.798628,15.068256,18.541056,20.861691,16.369467,15.51216,21.684835,19.250177,20.742035,22.174056,22.108132,21.71334,15.91216,20.116561,18.591561,17.00482,15.693194,13.307847,17.352992
2018,7,max,21.4517,19.185329,20.985426,18.883494,21.318526,18.855708,19.414402,17.763727,22.642182,22.416833,18.805699,17.002436,19.579329,20.928234,19.652959,19.839117,21.776149,17.508773,20.797645,21.910541,21.036774,18.19478,18.469055,22.098426,19.486646,18.166611,19.966263,20.936348,21.505787,17.639524,18.05532
2018,7,min,14.769186,14.905434,15.664626,11.491433,16.117237,13.222136,14.231782,12.081941,15.93291,15.954774,12.61395,11.854781,13.25939,15.068281,14.798153,12.234394,17.097383,11.446965,15.456892,14.905988,16.138211,14.097078,12.56851,17.807113,12.967585,11.381194,14.990325,16.914169,14.425602,11.938939,10.223456
2018,8,max,16.107747,14.49519,15.738771,17.005466,16.572714,18.348556,17.315644,17.983415,18.383249,15.848047,14.483438,17.594882,16.760491,13.4649,14.630291,16.240913,14.387569,17.238515,15.445596,15.494645,15.520861,16.504476,18.140392,15.282286,15.110553,18.120688,15.514128,16.276794,14.323232,15.615016,15.016777
2018,8,min,11.906873,7.101844,8.533105,9.053897,8.772555,11.897946,11.296531,11.791927,11.408627,10.81128,7.932793,11.509683,11.662101,8.321988,9.351452,11.687417,7.61177,12.981599,9.275152,10.667308,7.901507,9.722385,11.078014,11.258702,8.096652,10.306966,8.524065,9.863784,9.445546,11.498917,8.30021
2018,9,max,12.497697,12.876138,13.805339,12.435918,10.234409,10.885994,10.373505,11.341758,14.639175,14.583856,11.585426,10.188096,16.071244,13.972661,13.982325,15.769467,10.194077,10.829123,13.455614,14.268587,11.078532,14.559351,14.987604,10.720389,11.94354,15.820834,14.361885,14.215483,10.683205,15.173556,10.798127
2018,9,min,7.837518,8.365626,9.697473,6.17835,3.66341,5.0392,4.857089,6.034375,9.12267,7.256159,7.257801,4.03042,10.671402,6.847729,6.965392,10.972024,5.584547,4.151287,8.583756,7.200994,4.649542,10.101219,7.128721,6.617676,5.234151,10.234216,10.057899,7.706514,3.593281,8.77191,2.86275
2018,10,max,13.695812,11.570268,12.035765,14.097454,9.633233,12.813511,13.243852,13.402772,10.620494,12.229037,11.613447,10.610373,13.984386,14.289787,11.788251,11.273936,14.105717,10.272719,11.042033,13.207103,9.060907,9.513678,11.931467,13.143656,11.944928,9.55832,13.150723,12.489334,12.185532,13.475613,13.21713
2018,10,min,8.306997,6.087985,6.67084,6.80813,1.790083,5.498681,7.501903,5.540877,3.387698,6.295047,4.689342,3.203521,9.637735,9.314333,5.346924,7.159136,9.378358,3.08139,3.520753,8.102028,1.268656,2.633379,4.898808,6.560044,4.773197,4.671935,7.925899,6.596292,6.483516,8.152447,8.133464
2018,11,max,11.580219,11.227303,13.286981,11.182696,12.976988,15.931439,11.769789,11.236502,11.148446,13.276607,15.917566,14.256301,15.282564,15.308115,12.888178,11.177979,15.718178,15.004491,10.51629,10.393451,13.448834,16.035306,14.658457,14.816242,13.207232,12.728123,16.011984,13.797961,14.512333,11.318524,14.034366
2018,11,min,7.097595,6.749084,6.238222,6.317157,6.078648,9.832891,7.367685,6.32657,7.091853,8.179362,9.70413,9.751183,9.319049,9.011858,7.126303,6.972472,9.807262,9.401661,3.998507,5.796661,8.233492,11.561499,8.233187,9.913493,7.405174,5.287456,10.790463,7.359437,6.721972,6.474423,9.406137
2018,12,max,14.042881,13.016054,16.562867,14.388857,17.217925,17.12431,17.726968,16.967098,15.550834,16.885808,17.959787,13.995537,17.493746,14.731664,17.132068,18.656057,15.962771,13.239165,14.93393,13.547961,18.015752,18.704718,17.03369,13.24139,15.823005,18.496437,16.511978,15.950355,15.087766,17.020801,14.978822
2018,12,min,9.742622,7.21404,11.39783,7.561034,11.4018,9.428665,11.226736,9.232424,9.372584,9.252163,13.674148,8.765089,11.216918,10.234249,10.333133,12.654169,11.641004,7.51105,9.932458,5.700317,11.714955,10.706428,11.955645,6.216315,9.216967,13.77048,9.972839,11.585385,9.754533,9.589869,8.204127
2019,1,max,18.729307,21.881396,19.728955,18.939643,19.42505,22.928715,20.255562,18.125495,21.538659,21.559943,20.295318,19.628697,17.728557,20.65323,17.950269,20.313508,22.953543,19.768687,21.992859,21.29962,18.640549,22.881468,20.30759,22.531209,22.275958,18.657484,19.489655,20.046426,18.697034,20.521626,19.937842
2019,1,min,10.948533,15.68101,14.470887,11.058904,13.366665,16.298074,14.602571,12.678378,15.037024,16.74571,12.584627,12.835696,9.835969,15.69604,11.746913,15.940672,15.301823,15.298823,15.999357,15.264132,11.301654,17.906544,14.773246,16.498245,14.81985,11.49746,11.752661,12.764228,13.502811,12.526017,15.34346
2019,2,max,24.231483,24.311505,23.732068,22.131914,24.430786,25.653267,25.468231,25.868453,24.982133,26.884909,21.222118,24.541083,26.245142,24.155707,25.334663,24.928688,23.816944,23.031367,24.89902,26.114048,23.280056,25.312305,26.234298,21.410524,26.525575,25.480598,21.590659,26.235475,25.164007,21.275946,22.760207
2019,2,min,18.850988,18.137784,18.444958,15.341921,19.496536,21.478678,18.647319,20.324138,17.699143,20.903594,15.212953,17.062281,20.483917,18.327994,19.694748,20.311243,15.940129,16.260549,17.491959,18.676679,18.013412,18.274697,22.090702,14.88588,18.535871,19.744712,15.055667,20.460761,17.550311,14.091372,17.260842
2019,3,max,24.801622,27.323772,24.948105,29.153241,25.373182,24.78691,25.452067,23.984588,29.33546,24.876057,26.001597,27.761835,25.428793,25.123505,26.827452,27.359739,29.884355,29.79587,25.575086,28.043,24.222469,26.908567,25.645368,27.570593,27.74791,27.99479,27.883292,27.697692,27.806247,26.573142,28.322362
2019,3,min,18.676957,20.153694,20.632232,22.674399,17.721866,18.94231,20.43076,16.766056,22.625016,19.109138,19.65131,22.0646,18.047577,19.584732,21.878629,21.060492,24.703432,23.162951,19.311369,21.064325,17.796843,19.291946,18.449928,22.161309,21.264346,21.111076,20.529944,20.084077,22.570515,20.254847,23.961828
2019,4,max,26.770663,26.05384,28.236447,28.185114,29.982836,29.948139,29.838931,27.032292,30.77736,30.799001,29.3453,30.803618,27.19465,25.083512,27.728716,29.034045,29.934504,25.650077,25.150148,28.368444,26.328203,29.943132,26.813141,25.838662,26.826188,25.583152,25.813984,29.022917,30.675845,29.453614,27.489307
2019,4,min,19.780739,21.525201,20.350488,20.531166,24.954955,24.020748,22.852694,22.571613,26.214332,23.358439,21.425531,23.585268,20.031922,18.937223,21.037403,22.695804,22.173336,20.714789,17.613209,20.707421,22.075335,22.305582,21.179958,18.053616,20.855689,18.034115,19.999409,22.050357,24.999338,24.835522,23.093221
2019,5,max,26.864285,29.637332,26.151383,29.631534,24.524331,27.194998,26.080246,25.067055,29.016402,27.904816,27.511079,28.648971,24.683747,24.339864,25.171147,29.146376,24.813528,23.945217,24.796331,25.432128,27.894549,24.017365,25.355793,24.97368,28.378512,28.402195,28.596305,24.582527,29.600697,28.627565,27.056911
2019,5,min,21.231822,25.506467,20.377851,22.209733,17.78161,19.283628,20.487688,20.578416,23.197533,21.337998,23.425649,23.674695,18.425435,17.279235,20.307342,23.832138,17.211404,16.511592,20.276363,20.73414,23.791428,16.857427,20.060707,20.764084,22.274169,22.497211,22.543354,18.567173,25.427237,21.159642,21.22474
2019,6,max,26.784157,23.873891,25.116585,26.458205,21.484743,21.394093,24.79846,22.951113,24.183341,24.632561,25.210677,24.9055,25.325039,23.709329,23.03359,23.495938,23.560584,23.245806,26.53791,25.990631,21.579387,25.870616,24.51879,22.977876,23.121588,25.501706,25.326364,24.602461,24.467511,24.940418,21.64931
2019,6,min,22.540855,18.267422,19.15551,22.164242,15.051553,16.294029,18.605035,14.972602,18.368479,20.235847,17.799506,17.829649,20.464947,18.795355,17.219594,19.115595,16.900153,18.63525,22.269377,21.617711,14.624203,19.645133,18.272445,18.488951,16.460226,18.029337,17.45277,19.195876,19.616556,20.043438,14.267817
2019,7,max,19.205366,20.4446,22.070931,21.910561,20.856195,22.574506,18.604686,21.216193,19.038948,22.219176,19.404706,20.799032,21.476671,19.518995,19.220319,21.661014,17.509742,17.944459,21.043812,20.971632,19.652265,21.529659,19.579482,21.070918,21.002795,19.37158,17.046123,18.267404,18.533117,17.046379,18.054169
2019,7,min,12.154944,13.215715,14.172745,15.456268,16.75118,15.256663,13.883022,15.980254,15.014525,15.953892,14.837207,16.676404,16.616139,14.155411,12.333935,15.390639,13.299307,11.473107,15.955401,15.028985,14.559598,17.074389,14.446496,15.124387,16.821126,12.974281,11.840445,13.718465,13.220628,10.058323,12.533339
2019,8,max,17.222028,18.000125,13.432453,13.253814,18.526975,16.454555,17.256994,13.69104,14.948609,16.708752,18.518619,18.066906,16.533228,15.3746,15.03708,14.008796,13.68416,18.435536,17.364275,17.890222,13.878665,16.614394,16.933054,17.637089,17.526675,15.693432,16.386951,16.747131,16.763304,13.409718,14.816923
2019,8,min,11.220978,10.775324,5.985396,9.178847,11.078535,10.160956,11.586218,9.607614,7.74332,9.380648,14.166099,13.09364,10.437378,10.133502,9.704805,7.966863,7.644352,13.038035,10.08848,12.945147,9.089578,9.573533,12.22447,11.66062,10.487166,7.996815,9.845757,9.290143,12.159475,7.640885,9.718228
2019,9,max,10.408829,11.934244,10.413137,10.532183,15.203557,13.114204,13.397695,15.447057,14.930692,12.000957,10.976963,10.692808,12.132423,13.099091,11.558259,12.708328,11.024274,11.769158,12.102,14.807158,10.467268,14.142073,14.414199,15.509853,12.071969,10.920367,15.877976,12.423545,15.69981,12.331873,14.950905
2019,9,min,4.379482,6.126588,3.086351,3.075183,8.743523,7.263357,6.230424,9.648123,8.323342,6.098441,6.729468,3.096301,5.275161,8.408855,5.807226,6.617335,5.532866,6.134081,5.710456,8.217937,6.089244,9.005485,7.787942,8.016734,5.741011,5.521084,9.084056,6.04338,10.461482,5.165225,8.27044
2019,10,max,13.973754,13.112487,12.876149,11.170969,10.081578,14.68601,10.359258,9.462991,9.606845,14.010719,9.226485,13.597846,11.260319,13.98807,13.854262,11.62604,13.058178,11.665192,13.491219,12.204067,13.851743,14.01068,14.682781,11.77008,11.291235,14.797609,13.807555,10.500019,14.244702,9.615538,14.106996
2019,10,min,7.018655,7.006913,7.182523,5.720578,5.224807,8.740926,5.808997,2.085277,2.523346,6.47599,3.879427,9.073649,6.61133,6.903679,9.192106,5.982606,8.108057,6.525481,7.695507,6.966195,7.975681,8.539317,6.745022,6.642993,5.181395,7.530044,9.253961,3.935303,8.026539,2.231969,8.966744
2019,11,max,14.650498,15.503634,12.696632,11.404025,12.169307,10.391338,11.486465,12.321273,15.656752,13.971561,10.897394,15.050366,10.904553,12.763406,10.547151,15.081575,14.435205,10.738918,11.878704,12.59075,12.814478,15.502678,10.170409,11.523426,12.64723,11.515182,14.058025,15.919724,13.228153,16.001786,12.414519
2019,11,min,9.559333,10.914239,4.910979,5.599513,8.062626,4.38331,3.508364,8.208523,8.300047,6.806038,5.749877,8.266078,4.082408,8.742401,5.523456,8.886358,8.324119,5.586512,7.687706,5.415154,8.371047,9.115722,4.108906,6.949118,6.187992,5.848912,9.715569,11.649006,7.198843,9.785178,6.533979
2019,12,max,16.814025,14.521902,17.73112,17.397646,17.629008,14.995112,16.276082,14.050535,15.787737,16.790415,13.378603,15.746077,13.262838,13.251436,16.092302,16.258184,17.519746,15.141845,18.19479,13.74685,18.336919,18.367825,18.842342,15.98514,16.115655,17.362488,16.61472,16.272846,13.480413,14.838975,15.556696
2019,12,min,8.889867,10.456933,12.35191,10.884618,10.68826,10.817769,9.022047,6.933964,9.00618,9.544424,6.273842,10.572307,8.464958,5.517952,8.135811,11.244929,12.755332,8.018479,12.867091,8.274773,11.363688,12.821246,12.857529,8.287898,8.911063,13.04678,9.325355,10.988001,6.836737,8.428489,8.797637
2020,1,max,19.109282,22.220223,22.988904,22.880164,17.450247,19.179867,21.076464,17.856677,21.687872,17.4034,19.197971,20.403468,21.074372,19.23208,20.443531,19.388204,18.49767,21.414049,19.321924,18.57066,19.677639,18.713461,19.947201,22.116958,22.392074,17.526744,22.073127,19.084552,20.253028,22.108172,22.563947
2020,1,min,14.939861,16.809986,17.890682,15.088546,10.900197,11.975483,13.265306,11.426385,17.548676,10.289339,13.666553,13.983089,13.279078,12.179742,14.325691,12.789961,14.043875,15.417873,13.075233,13.529501,11.692178,11.047546,15.456651,16.308787,16.611629,10.799027,16.794776,14.824795,12.687701,15.260936,16.013147
2020,2,max,25.762178,21.728175,21.833261,21.157704,23.213467,24.309882,21.517293,26.99757,24.154174,25.940036,26.834278,23.699847,23.067089,25.681578,22.091779,23.59571,21.332477,21.918093,22.935965,23.076138,26.369556,22.503632,24.305048,22.816948,24.015439,26.649642,24.952397,24.630833,24.381708,21.170241,24.848722
2020,2,min,19.727155,16.924253,14.671769,14.941618,15.99882,17.862088,16.28013,20.122092,17.077516,21.645034,20.264924,16.979411,15.555248,19.122402,14.22672,15.952861,16.835833,17.259464,16.098636,15.312522,18.985821,15.963403,19.804367,16.683036,19.340895,22.032865,18.069866,17.260713,17.080763,16.988394,18.541637
2020,3,max,27.834983,26.427724,26.916432,25.666233,26.825872,28.038148,24.366041,26.565836,25.152341,25.803698,28.333402,29.780448,26.151444,25.842899,25.533033,24.509073,26.233102,25.417825,24.886401,27.394325,28.506931,27.016552,25.779446,29.5996,29.728323,26.045574,26.897568,27.853763,27.148348,26.51377,28.293252
2020,3,min,20.767147,19.871759,20.407776,17.839632,19.60712,22.848413,20.126389,20.628832,18.7257,18.930247,20.890292,25.257383,19.90484,19.977008,20.541358,19.348225,19.771592,17.956595,19.576658,22.143466,22.513869,21.021513,21.686741,23.577822,24.867745,21.843412,19.368211,21.971416,19.759658,18.983947,21.237825
2020,4,max,27.195624,28.42169,28.319338,28.025533,26.678324,29.082392,30.850497,29.769383,30.633691,26.194347,28.000467,25.822218,27.842465,28.637563,26.967795,25.975012,29.435916,27.018241,28.194039,26.798743,27.210147,30.879388,29.780529,29.128262,27.847541,29.697424,28.465806,28.50114,28.774151,30.047003,29.084361
2020,4,min,21.593298,23.643069,24.025211,20.967917,18.721961,24.607148,25.274882,24.413042,23.613831,20.157857,23.819254,20.490055,22.014511,22.57554,20.515523,18.012549,24.238979,19.705083,21.35908,19.535748,20.514921,24.54458,22.879232,25.021673,19.979258,22.592776,21.580206,23.819091,22.295208,25.4559,24.958079
2020,5,max,29.617434,24.041827,24.836791,26.390468,29.451329,28.343227,24.756698,25.8785,27.081066,24.967298,25.982165,28.560142,27.788058,27.588663,25.407318,25.277405,25.713891,25.17187,25.830448,29.530405,25.568948,27.987937,29.809166,29.655856,25.670919,28.213051,26.58246,26.802679,27.159671,28.105231,27.622265
2020,5,min,25.177852,18.787058,18.07479,19.290578,21.960058,24.094102,19.927331,19.229593,21.826056,17.318801,20.565017,21.676444,21.014805,22.819606,19.174971,17.385763,20.557874,18.351917,20.435235,22.348784,21.081452,22.46916,22.535657,22.437393,20.520398,22.827597,21.556684,21.994407,19.427575,23.556139,21.274943
2020,6,max,22.454748,24.186249,21.314947,25.304148,25.624596,24.302115,23.441445,26.270398,22.196736,22.927006,26.447622,24.4448,25.338706,26.479378,26.29347,26.517809,23.381967,26.619652,26.556238,21.055603,21.643804,22.70737,24.259803,26.631363,23.808125,21.675881,23.753487,22.117194,25.744606,25.543697,26.136879
2020,6,min,15.775412,17.634471,15.661741,20.901969,21.603871,16.585717,15.701316,20.360604,14.34108,16.343415,22.089779,18.304191,17.592029,21.779119,21.590315,18.529122,17.400432,18.771127,19.049266,14.783756,13.711829,14.750972,18.284153,19.227124,19.036879,17.025904,18.724427,15.170723,19.473481,20.841717,18.548708
2020,7,max,21.961939,17.520427,18.108687,18.94161,18.564712,21.52254,18.811675,17.068614,21.156612,17.709349,19.4325,22.37071,18.865868,22.496782,20.687753,17.801413,21.486409,19.495074,19.824968,20.984567,18.484793,22.23881,19.680488,17.468616,17.370548,20.032922,17.899114,20.122049,18.232409,17.54565,21.852152
2020,7,min,15.900816,10.843403,13.54624,13.949422,13.622627,13.706401,11.920145,10.453881,16.908114,12.482124,13.422418,15.556482,14.396205,17.316632,15.811238,13.18867,15.063453,13.298136,13.674898,16.11092,11.465834,17.911329,12.865423,11.211941,11.179951,13.742116,12.586644,15.657089,11.899818,11.504148,16.038423
2020,8,max,16.079487,13.346421,17.841492,15.375692,17.474827,13.271739,13.382559,18.607497,18.602653,15.453202,17.594966,16.875285,18.95714,18.217722,15.253873,16.970755,16.921205,14.070842,16.173055,14.336141,13.136412,17.040999,16.191602,14.485072,14.653898,17.350144,17.856869,17.596321,13.093875,13.60538,16.586709
2020,8,min,10.252293,7.496907,10.948372,8.109879,11.161582,7.893623,5.406065,14.33142,14.475714,8.377313,9.681633,11.193837,13.427221,10.590652,8.522952,10.813554,11.530125,7.921808,9.261623,10.322248,7.94296,10.863218,8.89816,9.100433,6.904257,12.898765,12.179907,10.061294,8.269548,9.471075,9.773564
2020,9,max,10.363855,12.485389,11.375412,10.410461,11.807377,14.460902,13.659303,11.995787,10.931359,11.398053,10.437543,15.35008,13.827756,13.045521,15.721315,14.786624,12.569745,12.330558,12.91291,11.876215,14.906454,13.446112,13.415517,11.528948,13.952032,15.154597,14.419305,11.682566,13.689329,11.200777,14.417628
2020,9,min,3.40169,7.548032,3.920491,4.394878,4.544232,9.185287,6.969175,6.78873,4.29051,6.196049,2.643462,7.703769,8.118953,5.156361,9.035945,9.511687,7.972874,5.312894,5.515546,5.045908,7.247489,5.574968,8.879146,6.715601,6.263127,10.784741,9.657379,4.987879,6.194847,4.153991,8.182226
2020,10,max,11.876365,10.997786,9.092002,14.772465,14.997432,10.455559,10.227079,12.312476,11.28397,11.155557,12.076899,9.591649,11.816943,14.485983,11.483581,10.327645,10.564645,12.474858,9.914468,11.279039,11.995809,13.10908,13.929552,12.850167,10.009402,10.015594,11.929898,12.252821,9.352392,14.080184,13.009293
2020,10,min,4.39847,3.169707,1.343363,10.303201,9.081749,4.037953,2.566573,5.21042,5.14937,6.109311,6.08779,1.666376,4.458018,9.003163,5.233482,5.743954,2.825612,6.804545,4.595007,3.945588,5.377377,8.079773,6.063519,6.887784,2.8295,3.13434,4.2623,5.685583,5.217097,6.299432,5.951938
2020,11,max,12.54615,11.460397,10.126646,12.311001,14.072325,12.971022,10.111471,10.142903,11.720241,10.174652,14.115994,15.530437,10.64968,11.223389,14.963083,12.453175,12.507961,16.013195,14.176047,13.994211,14.629312,12.347381,10.408486,11.100098,12.675255,13.466937,10.643968,10.327107,15.280498,12.924798,10.517885
2020,11,min,5.175971,4.631719,4.103714,5.83966,7.606248,7.019604,3.904897,4.025232,3.810324,2.922023,6.891324,11.102371,6.05409,5.117565,9.893784,6.960969,6.247952,11.109766,6.784578,6.561334,10.25531,6.136575,6.370686,5.100665,5.537749,6.035095,4.531331,5.481439,7.730281,8.738551,2.815546
2020,12,max,18.39587,13.197411,14.886908,16.522217,17.276268,13.461625,14.442833,15.33494,14.990379,13.839704,17.344981,18.84594,15.62253,15.043556,18.72915,17.641329,14.639962,15.943621,18.646857,17.078169,13.514165,17.788331,13.492228,17.270063,17.437932,13.639306,14.849605,14.618599,14.124351,16.32844,13.157571
2020,12,min,12.14183,5.482345,7.041031,9.513199,11.683084,8.811824,7.104231,7.748837,7.967942,5.885792,11.34181,14.631154,8.267831,7.967534,13.142338,13.522827,6.669619,10.520376,12.919465,10.435482,7.039701,10.935897,8.875344,10.734459,12.171219,9.618525,9.409935,10.088571,8.328976,10.696263,7.741914
2021,1,max,17.558386,18.946582,18.751084,17.508197,22.431245,20.431763,19.284392,18.806788,17.379603,19.526614,17.461528,18.47954,20.562838,17.641834,22.692941,20.721153,18.97725,21.892853,22.845352,18.923991,18.205109,22.787448,18.748689,19.946044,18.454546,21.898967,17.683327,20.553362,21.090276,22.718028,21.250202
2021,1,min,11.16621,13.40563,13.199886,9.903653,14.518553,15.753431,14.729032,12.834292,11.640898,13.589689,12.454729,11.979406,15.780645,12.423202,17.364072,13.504847,13.638305,14.454819,18.300854,11.134875,12.948376,14.912547,11.968858,13.642527,12.950325,16.327227,11.427925,14.370846,14.889879,16.871539,15.496382
2021,2,max,22.747987,25.913793,23.45485,24.800016,24.951978,25.734461,26.944204,23.404831,26.522353,24.261871,23.157177,24.221436,21.509892,24.94561,24.881999,26.901649,23.397706,26.794301,21.063287,24.064057,24.48311,23.674671,25.634053,24.002795,21.147376,23.495853,21.696416,21.850051,23.731996,23.897556,23.628996
2021,2,min,15.976646,18.731166,17.457637,19.831932,18.091032,21.4386,21.027265,17.37838,19.755518,17.098988,15.575171,17.668714,14.434075,19.525575,20.704812,20.191762,16.386975,21.072478,16.028333,17.988866,18.182168,18.110135,19.279694,18.622925,16.729178,15.648941,13.933711,16.60249,18.904527,17.992906,16.841943
2021,3,max,25.84166,28.789319,29.023283,27.991039,29.831606,24.974923,27.287297,25.319337,25.034914,26.52101,27.612845,27.481422,28.156617,28.442156,24.303586,29.160079,25.884113,25.502324,27.094493,27.510028,27.450232,29.00131,28.810633,25.712872,24.436715,24.635373,25.02647,26.993152,24.755407,25.042725,28.088801
2021,3,min,20.640604,24.328978,22.431404,23.333623,24.855954,20.33438,19.453446,19.699147,18.472998,22.404241,22.823547,21.926079,23.333479,21.207237,19.896578,24.41224,20.053911,18.051777,20.538059,21.064795,22.058533,22.531859,21.986679,19.254934,19.900924,19.413853,18.252724,21.320196,19.220567,18.500719,21.50776
2021,4,max,30.999397,27.937852,26.88748,25.321668,25.057501,29.891296,28.032628,29.10818,30.039351,25.496024,29.56634,26.649118,26.009254,29.45511,28.298357,25.68524,29.939697,29.935666,29.313881,30.938654,29.980424,26.786254,27.698394,29.900372,30.963746,26.421676,28.527543,29.264524,25.99589,26.239718,25.356147
2021,4,min,24.779747,23.376666,21.083476,19.885511,20.511362,22.035979,22.052749,23.445658,24.084553,21.372581,24.39798,20.498683,20.179968,22.391431,23.845513,18.584788,24.47225,25.769223,23.128468,26.528989,22.975042,18.789003,22.304086,24.144092,23.86122,19.178865,23.12502,22.733441,21.43895,21.411947,19.952885
2021,5,max,25.614713,25.870125,25.664203,29.076304,28.003999,29.704835,29.440816,29.130489,29.124676,28.196572,28.497045,26.864956,25.540506,26.640154,29.208954,27.021884,29.54622,29.629728,23.943042,28.324547,26.678899,26.07754,27.13475,26.506062,25.539424,25.954734,27.325056,25.990641,24.218659,28.631542,24.673626
2021,5,min,19.459639,19.05391,20.59483,21.134351,23.623098,22.562071,21.470871,24.622936,24.125967,20.882645,21.792107,20.555253,19.883606,20.105643,24.836575,21.908981,24.069935,24.320571,16.846501,21.40082,20.022323,21.824217,22.26343,21.658656,18.22605,19.643,21.383704,19.260433,19.82036,22.793215,17.24302
2021,6,max,23.647716,26.748191,25.131551,24.899983,26.596353,24.927528,23.231063,21.99315,22.833055,22.404863,25.222188,23.86084,22.357145,21.055722,25.902654,23.533884,21.42497,25.38458,22.880109,21.822776,25.518947,26.957641,24.18305,24.900121,25.334592,21.908245,25.119397,21.520128,25.514674,23.304191,22.887022
2021,6,min,19.645012,21.938918,20.603899,20.264073,21.500276,19.925971,15.615862,16.407784,16.03529,15.782922,21.217843,19.330041,15.637214,14.273333,17.950035,19.005183,15.89269,20.974872,15.356153,14.728934,20.986362,22.386229,20.149151,19.139724,18.822272,16.261405,17.679547,17.118268,19.156378,15.451197,18.327701
2021,7,max,18.661806,20.32038,20.645559,21.142856,20.950432,20.106495,21.487062,17.327415,22.728029,17.676462,20.563579,22.866182,22.603546,22.164884,19.192475,21.576356,21.622202,17.405195,17.238961,21.73574,20.771424,19.492592,17.494567,20.696282,18.859441,18.219185,20.218341,20.805765,21.086334,21.192055,22.078809
2021,7,min,14.324811,13.920348,13.52968,13.751288,15.743835,14.068405,16.304894,9.735765,16.748478,11.678132,14.450433,14.918652,18.075615,15.891362,12.460707,13.758544,17.555445,12.356454,12.997086,15.709298,14.767228,12.685349,11.348308,15.586411,12.814223,10.986945,14.655415,13.46766,16.821874,14.272222,17.847185
2021,8,max,13.517277,15.720231,14.85574,17.443949,17.247404,13.982996,16.138032,17.324593,13.761584,14.612587,17.628582,17.842647,13.383232,16.45991,15.731187,15.99766,15.206127,13.617429,17.33667,16.052949,18.177571,15.830588,13.900508,18.144911,18.483686,15.516216,15.49754,14.627548,15.236849,18.411646,17.826028
2021,8,min,7.779342,9.284901,7.888966,12.966177,10.441405,6.170931,9.006084,12.656741,6.637088,7.066928,13.511157,12.754725,6.533939,12.15163,10.290691,9.730116,10.185662,7.32178,12.423053,11.876798,13.199365,10.29867,6.175868,11.933452,11.521023,10.229008,8.616388,10.315999,9.228685,13.694269,9.900373
2021,9,max,15.796273,12.862362,15.140876,13.390345,11.275824,11.895253,12.855357,13.031961,11.244331,14.63469,10.110064,11.469783,15.109241,15.777738,14.01562,14.435087,13.250684,13.02397,16.053552,10.629957,15.455522,14.276878,15.919126,10.645259,14.991574,13.478721,15.857106,11.637742,14.876698,14.483914,11.703532
2021,9,min,11.520567,7.733134,9.831672,9.358468,5.020597,5.404383,6.488593,5.941508,3.642558,9.654183,4.46992,6.084088,7.600446,11.77189,6.619596,10.019291,8.298013,8.78439,9.206942,2.944859,9.376485,8.78691,11.579516,6.111203,10.692252,7.73879,10.910019,6.377707,8.073795,9.211683,7.404782
2021,10,max,10.216276,12.508248,9.98625,11.439075,14.787808,10.849846,9.719481,13.116329,13.181268,14.015549,9.547277,11.134457,13.0631,14.94406,11.426353,13.488471,11.772259,9.838758,13.982234,9.784291,11.233438,12.86811,10.552924,9.130801,14.414976,9.772749,13.976137,9.256178,10.007935,13.930112,9.176894
2021,10,min,3.096528,7.886606,4.122029,5.295377,9.957263,5.789815,5.08902,5.810782,9.019949,8.704374,4.554402,5.080618,8.022433,10.819731,5.617549,8.48906,4.556672,5.790931,6.051965,2.489598,4.712248,6.538815,3.301936,4.872913,8.641251,2.152437,8.649937,3.412198,3.712398,8.350118,2.444042
2021,11,max,11.10864,11.194703,15.37234,13.786856,11.842428,13.375929,11.750453,11.268544,13.226681,14.884805,16.008218,12.226469,12.979874,13.086156,11.150692,11.385918,14.743026,16.020985,14.67285,15.915676,14.012983,14.969508,10.407249,11.388266,14.856141,15.10713,11.128399,14.909058,15.555677,14.275162,13.453436
2021,11,min,6.249776,6.075285,11.233742,8.803717,6.194459,9.132012,7.201509,3.729934,6.703664,7.70542,8.880555,6.048398,5.329166,7.532631,5.875182,3.802859,10.508662,9.903256,6.674427,11.515139,8.946875,7.30047,2.421681,4.002246,9.436922,7.726247,4.758321,8.118552,11.442851,6.484927,7.201
2021,12,max,14.129402,18.289758,14.854318,13.541544,14.312854,13.004101,14.208786,17.301626,18.065705,13.131477,18.503345,18.078885,18.763353,18.651539,13.606193,13.81871,18.692161,18.763973,14.045216,17.161362,17.721951,16.533701,14.840939,13.76409,18.692729,15.349609,18.791104,16.614332,18.80519,16.393301,13.84386
2021,12,min,6.177377,12.320851,8.892573,8.611051,8.20706,5.332516,9.686828,9.626503,12.771349,6.785041,11.405879,10.636207,13.268989,13.069157,8.399132,9.188694,11.524791,12.167252,6.170244,9.445982,12.829002,11.832294,8.086946,6.848766,10.897936,7.372476,14.661573,8.930179,13.921609,8.64655,6.862487
2022,1,max,18.427976,18.007325,17.532356,20.834616,19.67978,18.497245,18.539948,17.007687,21.395507,22.307312,19.272275,17.608571,22.184304,21.122962,17.442256,18.769452,22.709973,18.020631,21.391911,22.388745,20.564183,19.896421,22.654654,22.33852,17.607547,18.139906,21.332229,18.591589,18.42529,20.430619,17.92154
2022,1,min,10.498457,10.466043,10.696493,13.288002,14.61893,14.226066,14.107809,11.463939,13.5191,16.334984,13.08818,11.690614,15.580426,16.472336,10.059206,13.494584,18.413171,12.5188,15.203725,18.016326,14.109604,15.772448,17.994665,17.710105,12.785345,11.351119,14.412333,13.465496,14.226748,13.071201,12.478224
2022,2,max,23.565636,24.972121,22.198049,22.024993,21.491617,22.85012,23.934581,21.546821,22.109287,23.21641,22.579776,22.357454,21.369836,25.004811,23.062748,26.824233,24.321611,25.910431,24.213086,23.848946,23.857574,26.416663,24.012609,25.802702,24.721639,25.543133,26.906208,25.850764,23.540249,23.612359,24.763357
2022,2,min,18.387438,18.571259,18.095106,16.857747,14.11654,17.260251,17.290421,15.370317,14.567317,17.433309,16.719544,17.283206,14.360896,20.661982,16.896952,20.465327,16.958423,20.235903,16.74551,16.322331,19.541753,19.55944,16.410789,19.092562,20.240511,20.851617,19.017548,21.34602,15.58713,15.623283,17.426925
2022,3,max,25.475521,29.413247,26.256798,25.884964,26.677146,28.647507,27.063575,26.414858,27.455808,29.566103,27.304306,25.64476,25.991418,26.226464,27.581976,25.580688,27.580135,24.160898,25.917168,28.402702,29.310391,28.832519,25.610283,28.1053,29.141603,29.77352,28.883143,26.42884,25.055817,28.87202,28.485163
2022,3,min,17.832303,25.145199,20.667378,20.780161,19.183281,22.155275,21.3852,21.822059,20.422298,21.86639,22.900344,19.502226,20.347858,20.284125,23.432113,21.005277,20.80549,16.602602,20.966851,20.719362,25.22946,23.620299,19.643806,23.712431,24.604061,24.001077,23.805463,19.84662,20.210255,21.908241,21.016407
2022,4,max,29.926104,25.953835,28.040772,30.107772,25.173689,29.99758,26.496942,30.508186,26.643865,28.030758,25.743237,27.234801,26.065502,28.521281,25.981082,29.493767,26.710416,25.977444,30.789506,28.884279,26.614501,25.120314,29.605436,30.469093,28.606852,26.514343,26.832758,28.856442,27.258853,26.511992,29.063177
2022,4,min,23.865026,20.709342,23.498172,22.590442,20.402635,22.649673,20.671147,23.689651,19.34984,21.489119,21.620984,20.858626,18.583579,23.122242,18.403114,22.738365,21.164154,19.688412,23.361061,22.173498,20.976473,17.999099,25.569844,23.879606,24.572997,19.294,18.96466,23.161215,21.864016,20.6452,21.765934
2022,5,max,26.311118,26.997286,28.987907,27.812256,25.719059,24.311226,27.771772,25.495085,29.282446,24.827779,29.326325,28.742386,27.891385,28.255902,29.913018,26.439597,24.140117,27.360458,28.287502,27.136014,29.367362,26.972092,28.972035,25.015018,24.695868,28.778266,25.026613,25.941998,26.059904,25.770715,25.916106
2022,5,min,21.90187,20.347864,23.490988,21.376056,21.286641,16.357782,20.325805,18.65071,24.087282,17.765881,22.104606,22.342252,21.168362,21.6343,24.875313,20.886498,17.307841,22.600797,23.39805,19.996426,22.679888,19.590415,21.466056,20.624606,19.661261,21.726594,18.307764,21.584799,19.083064,18.618353,20.873869
2022,6,max,22.764307,23.823219,24.501448,21.427294,24.002864,23.290015,21.324372,21.824192,23.455151,26.439726,22.898301,25.673647,24.786197,24.806994,22.641167,22.011635,23.937463,21.528248,24.800925,26.791967,21.226352,23.238608,22.933279,22.14346,24.760122,25.161148,21.773585,24.532024,25.943063,22.744967,24.57822
2022,6,min,15.359451,16.357646,16.724244,13.86959,16.532873,18.096592,13.907413,17.023005,17.177537,20.60944,16.035627,19.723324,20.0789,20.78814,15.596394,14.9537,16.883186,15.070329,19.187351,21.258701,16.428695,19.1823,15.600364,15.436468,19.764829,19.783749,16.239383,19.863943,20.750254,15.833639,19.226879
2022,7,max,22.327844,19.056397,19.155505,22.688506,19.42035,21.363013,21.40446,18.013908,20.903242,22.259265,20.208401,22.968081,20.921406,21.138498,19.281523,19.846378,21.171152,18.806699,20.974898,20.633806,21.983916,21.312597,17.684075,18.19188,18.577963,18.210039,18.772107,19.978128,22.598746,17.016428,22.44128
2022,7,min,14.345955,11.450862,14.401801,15.015684,14.506677,16.83819,15.045688,12.547543,16.753789,17.236108,16.014053,16.320202,16.842439,15.471396,13.092393,15.23387,14.649907,12.16004,15.894989,16.085152,17.564259,16.841659,13.25902,13.392882,12.485379,11.396292,14.614484,15.147352,17.276332,10.329895,15.100352
2022,8,max,17.014132,13.540496,17.341382,14.535353,18.931996,15.785664,14.048211,14.743403,14.876243,13.569991,13.275335,16.98013,15.145164,16.730842,13.557708,14.097217,18.77386,15.314293,17.799395,17.781457,17.177019,18.654802,15.496166,17.813589,14.087563,15.151593,17.106785,18.840667,18.522388,15.467706,14.569677
2022,8,min,12.417554,7.493675,12.93622,9.610711,13.747907,11.386428,9.890433,7.537019,7.922082,6.537175,5.86734,12.298081,9.394306,9.21694,6.297851,8.494106,13.686527,7.911607,11.204009,13.329231,12.942434,14.01722,9.133165,11.100016,8.56856,11.036329,9.752639,14.318046,14.070638,11.283816,9.312725
2022,9,max,14.299206,14.676969,13.46187,14.090863,13.210416,10.64325,11.563259,14.12957,15.105995,15.998547,13.932189,15.16487,15.288291,13.021685,15.892667,11.408036,12.491459,12.826364,12.760388,12.754205,13.056037,10.687657,13.414583,10.61717,13.786194,13.121823,14.100643,12.251852,11.409305,13.432702,12.910599
2022,9,min,7.58749,8.370373,5.550288,8.73766,6.408095,3.996397,6.180261,8.590064,8.872618,11.780282,9.30448,7.757386,10.98883,8.058117,11.691264,4.834767,7.551459,5.621319,5.334031,8.279378,6.442545,5.038303,9.413904,4.200357,8.567802,8.294418,6.299222,8.034751,5.591466,6.95367,6.28193
2022,10,max,13.295481,13.55592,11.048143,14.786602,12.131911,9.274669,9.842695,13.329355,12.665111,14.581298,11.742276,13.300727,11.486822,14.024797,13.632871,12.95074,9.807816,12.182186,14.61185,11.897592,14.526974,12.471326,9.770291,12.603276,12.024661,14.877005,13.574248,14.781561,11.717074,11.476473,13.490561
2022,10,min,8.839388,8.668931,3.728607,9.618668,5.323526,4.618047,2.975271,8.901509,7.914937,9.009712,4.616594,8.869664,3.780316,7.669553,7.830853,5.125979,3.812502,7.9879,7.256585,5.86426,9.818164,5.549348,4.220668,5.072493,6.48601,7.213364,8.479864,6.899595,7.183587,4.676416,8.294909
2022,11,max,14.280763,14.343043,13.867296,13.816802,12.143558,15.95981,15.821755,14.237669,10.764228,12.954016,14.07474,14.559009,11.787365,14.921625,10.22343,14.093322,14.572907,11.79149,15.108088,11.84264,10.265635,10.686677,14.508752,14.526273,11.49737,14.864727,14.058758,12.397125,15.926733,13.384544,11.579844
2022,11,min,6.837932,6.600995,9.06374,8.654484,5.454063,9.359464,9.806182,8.948143,5.355277,6.671464,8.404828,7.193452,4.39816,8.830706,5.642123,9.293712,9.929165,6.789246,8.345708,4.828264,3.00953,3.214535,7.049386,8.281191,4.360141,9.714173,6.352819,4.570317,10.676117,9.332683,5.097597
2022,12,max,17.685549,17.979901,17.227774,17.530646,16.620322,18.785739,14.064555,14.121859,16.083081,15.571047,13.780399,14.530097,17.258136,13.92222,13.305133,16.693652,15.943306,15.148514,14.907154,14.103215,16.030842,16.222216,14.327188,14.991301,14.310672,16.182993,17.94213,13.052822,15.674003,16.682207,18.753381
2022,12,min,10.205077,10.333955,10.637245,11.344186,9.515735,13.609028,7.33392,9.426679,10.574288,9.344652,7.444455,9.207846,12.638913,8.6317,5.575605,10.046091,9.652598,8.012388,10.027306,9.830509,10.367117,11.854433,9.473773,9.54811,7.300049,8.196469,10.017598,6.377068,8.056018,10.19768,12.023175
2023,1,max,18.925622,22.669926,20.241424,22.468016,19.249748,19.673341,22.38969,20.083368,18.004369,20.227849,17.392831,21.641494,19.545257,20.226525,22.857344,20.879367,21.481345,19.755351,17.525125,21.765289,20.449774,18.551888,20.781304,17.101346,20.209006,20.710096,20.513648,17.435537,17.636813,18.808104,21.591645
2023,1,min,11.261892,17.126422,15.110108,15.179579,12.038481,15.497935,17.61964,12.290521,10.179264,16.198527,10.71149,14.18169,15.129549,13.415554,15.756517,13.120363,16.866327,14.42849,13.308053,15.532952,15.539191,12.999757,15.049203,10.408151,13.643315,13.686254,13.71012,9.723346,10.489246,14.462083,15.840941
2023,2,max,23.37068,23.843926,21.818289,25.784908,26.760806,25.063734,25.770103,23.238783,24.321145,21.739411,24.579929,26.681876,25.48978,23.06311,24.875589,21.965726,26.00849,22.088148,26.113507,26.594219,23.767591,22.743916,21.589214,23.923142,21.769291,21.60027,26.400712,23.703876,22.834053,24.393312,22.897999
2023,2,min,16.727787,17.710055,16.254319,19.60201,22.184503,17.407059,18.852804,15.440923,18.100866,17.719292,18.431321,21.463112,17.875594,17.412492,18.825378,17.082574,21.231185,14.889508,18.707956,18.616967,17.568933,18.474465,14.686857,18.599739,15.147399,15.122207,21.129568,17.238506,16.497373,18.935338,17.184769
2023,3,max,23.957195,25.257357,26.544948,24.734038,29.195518,26.080653,27.238234,27.567969,29.080485,27.159911,29.246218,24.380603,26.971273,27.419546,27.468421,27.237767,29.920572,28.579387,25.268043,28.327564,26.71641,26.308914,27.904274,28.767444,24.923265,26.605526,29.620474,29.734617,26.829224,25.241118,24.30537
2023,3,min,18.972494,18.298093,19.184507,17.802147,23.344125,20.858766,22.535154,20.200797,24.520478,22.106973,24.940369,20.306082,22.846496,21.799008,19.843207,21.06389,24.032156,23.116112,18.179464,23.163568,20.674762,20.300245,20.512347,22.3113,18.866718,21.888945,22.982821,22.790937,21.394042,19.290549,18.827629
2023,4,max,25.256851,30.446357,27.818045,25.278625,26.944427,28.128237,30.009234,28.2661,28.922052,28.920019,28.099977,30.443455,27.117388,27.921169,28.625266,25.83381,25.462529,26.269103,27.173338,25.709981,29.867036,27.8891,26.264224,30.00019,25.258866,25.966775,25.235145,25.335472,26.080225,28.596145,25.11172
2023,4,min,20.429754,25.001351,21.999472,17.356266,20.129482,20.809649,24.955969,23.570701,23.460865,21.578143,22.594662,24.377967,19.64651,21.992729,22.617918,21.171387,18.888621,21.52148,20.304127,20.788596,22.986013,21.973841,21.619239,25.910406,18.96492,19.448613,18.946068,20.302433,18.247272,22.341726,18.233531
2023,5,max,27.898674,24.442694,29.884858,24.951604,27.533236,28.850922,27.886096,28.273324,26.649024,25.307086,24.579624,29.085753,26.446973,24.505995,27.616692,28.631413,24.633302,24.710176,28.893334,28.577426,27.060469,24.188833,25.305121,28.665537,27.462492,28.497439,24.514505,26.791051,29.082523,29.188801,25.062329
2023,5,min,22.764855,18.645881,22.415649,17.63015,20.354771,24.123386,22.828013,22.902639,20.28664,19.765238,19.77023,23.068315,21.848729,18.602518,23.460546,22.618096,18.704338,18.296278,21.305458,21.980499,21.578959,18.069567,18.09592,23.140591,20.496916,21.710608,19.978972,21.860999,23.949456,23.554214,18.225734
2023,6,max,25.736535,21.706972,24.927277,22.89541,21.928671,22.521796,23.541369,22.653363,25.529831,25.702731,23.221278,22.522666,23.066138,25.414695,24.955697,23.679569,21.970771,23.403365,24.303457,25.24074,26.787422,21.546532,26.555171,21.384483,21.480238,23.305956,24.683794,25.269635,26.674295,24.841748,22.210243
2023,6,min,19.424586,17.678195,18.17621,17.446331,15.322368,15.101889,18.078793,15.93094,19.876919,19.772859,17.001632,17.296054,16.244159,17.994699,17.96444,16.882323,17.112938,18.049614,17.515228,20.597788,22.766259,16.965218,20.813661,16.497402,17.329217,15.368164,18.599771,18.879745,19.39338,19.08586,15.582707
2023,7,max,21.823459,17.201656,20.094882,18.016897,18.43554,17.944669,21.678037,19.370859,20.106456,17.411703,18.706963,22.490054,22.779726,20.63818,22.578283,18.566645,17.63879,18.765511,21.817653,22.256678,20.449363,22.796333,21.619803,22.767432,19.764323,17.164104,17.405326,22.965188,18.379581,22.732674,17.058339
2023,7,min,16.679433,10.803596,15.168198,13.872653,14.434391,9.9574,16.265527,13.026538,13.158754,13.05104,11.387904,17.097673,17.673695,15.86008,16.278656,12.938107,13.349246,10.977449,13.990816,15.004089,13.672596,16.543658,14.58991,16.932039,13.417017,12.699031,10.870678,16.257536,13.116658,16.666657,9.729631
2023,8,max,14.489546,17.042188,13.456173,15.859333,18.365898,18.682709,18.459565,14.197999,18.236455,14.216599,16.711581,13.640136,17.054873,16.682962,16.248844,15.893752,15.954042,18.381999,15.944832,18.496041,14.332557,13.324889,15.86992,16.014851,17.118032,18.859043,15.760424,13.07092,16.486049,16.676669,16.29138
2023,8,min,10.117508,9.757889,5.730588,10.445181,13.289594,11.950279,12.463567,7.256283,13.40934,9.217818,12.087599,5.959383,10.401176,9.625985,12.079791,9.411083,8.012597,10.906923,8.007253,13.374974,8.025896,6.127809,9.706849,10.439984,12.41883,12.066065,9.003581,8.22791,11.184305,11.637866,11.342824
2023,9,max,12.899869,12.267342,11.334992,12.305655,11.749574,10.858632,11.443197,11.691491,12.665109,10.946859,10.969085,11.13144,16.045167,13.173839,14.783794,13.444627,12.462208,10.432015,12.931033,12.770926,12.237569,15.662864,10.190809,15.276008,11.265545,13.966582,14.753651,14.110954,14.490954,12.358223,13.86207
2023,9,min,6.447533,6.272262,4.532141,4.88835,7.030017,4.555061,7.043718,6.748271,7.141576,3.110267,3.746412,5.133049,8.647608,6.291597,9.583658,7.173289,5.700035,3.176743,6.411584,7.4323,5.996169,10.632005,5.705859,7.423542,4.961968,9.268427,9.333215,8.160979,6.932424,7.212128,9.282677
2023,10,max,10.005453,11.02433,12.429825,9.428064,10.369308,10.748138,12.867866,11.66939,11.178989,14.793156,10.103317,13.366634,14.642624,9.480388,9.618056,14.272146,9.158189,13.589978,10.574714,12.928996,10.856224,10.705052,9.787663,9.171428,14.162213,11.856928,12.243505,11.66907,13.185737,12.585505,12.815107
2023,10,min,2.774585,4.499236,5.034222,4.780067,5.101795,5.678249,7.782873,4.218164,4.83131,9.1372,6.010913,6.718544,7.839836,4.812747,5.362886,8.078411,3.570139,9.256973,5.953616,5.387111,5.866638,4.199129,2.433592,2.517231,8.861408,3.957002,7.153847,3.790901,8.477591,6.061315,6.559169
2023,11,max,13.212556,11.929765,13.309806,12.722959,11.630639,10.072351,15.159476,12.886985,15.604327,12.934199,12.654409,11.459089,12.31366,13.435123,11.051414,12.410136,11.649678,11.509168,15.531523,14.179639,14.529358,12.54922,11.16624,13.893153,11.704602,11.198533,10.369589,11.187422,11.686968,14.434439,10.975899
2023,11,min,6.654443,6.541092,6.090974,7.259825,6.416347,2.810832,9.783936,8.853716,7.816497,8.897669,7.482718,7.430217,6.666717,7.856115,4.102942,6.896704,5.960721,4.451014,8.301223,9.040931,7.294124,5.135292,6.007859,7.422235,5.213586,7.120952,4.229706,6.778328,4.826184,9.503197,5.001581
2023,12,max,15.051477,17.796774,15.782107,14.981492,18.709864,17.653917,15.820881,18.049236,17.969512,17.608874,17.627352,17.425714,15.765008,16.126835,15.836953,14.872656,16.774986,18.624526,14.519876,14.192342,18.181946,13.677571,14.947081,14.6566,17.734863,13.25196,15.851624,15.228392,13.946191,16.711869,18.981839
2023,12,min,9.80517,9.80492,8.616408,7.607307,14.485711,13.368379,11.052111,10.780233,13.481666,12.613025,11.855508,13.291673,8.681024,8.198371,9.111184,9.580403,12.606242,12.540821,7.965796,6.642263,13.310793,7.145935,10.27764,10.178002,13.699143,6.118059,9.466775,10.870472,9.580585,8.988474,12.481309
2024,1,max,17.358651,21.207969,17.754965,22.890054,21.540185,19.632313,21.1355,17.808393,19.911813,18.768288,18.138655,19.085988,18.651947,22.486844,17.41326,18.774036,19.202676,20.828156,18.113206,22.140976,18.432719,20.949737,19.324945,19.985295,20.678235,20.845424,20.139203,22.01116,22.240957,19.912222,20.426073
2024,1,min,10.780351,14.042104,12.824266,15.735807,14.318084,14.860452,15.70283,10.213741,14.161813,11.980136,13.392148,12.156378,11.326548,16.268763,12.793158,13.720639,15.199797,15.311982,14.038326,15.036909,11.548705,14.79391,13.228666,13.779424,15.387835,16.403567,15.872484,17.492063,17.432641,15.517207,13.080875
2024,2,max,24.947528,25.207884,23.198124,21.425244,22.252429,26.338604,25.80612,24.348119,23.495719,25.250603,22.594894,21.422329,26.667621,21.582716,24.189966,24.157152,24.75195,25.495166,21.633085,23.14778,24.991454,22.000856,23.409343,21.949059,23.658073,22.89093,22.947925,25.585106,25.355206,24.378868,25.594249
2024,2,min,18.844242,20.18413,16.77431,13.7044,16.286807,22.018777,21.563319,16.595144,18.019445,17.956031,18.432281,16.206711,18.825274,14.682028,19.432125,19.1621,20.036359,19.834428,15.078588,17.312898,17.460158,17.27927,18.059292,13.955324,18.248777,14.925078,17.461047,19.862754,18.921553,19.523156,17.889662
2024,3,max,25.452738,26.613202,28.286083,27.50278,29.888675,25.730207,29.062526,28.859843,25.583946,27.266142,24.856492,26.062138,26.130701,25.326168,24.479634,29.435494,28.269686,24.965618,28.065774,29.374137,25.730563,27.385905,24.263739,26.015784,26.427334,29.146922,27.844878,23.99681,26.223125,24.175297,24.825683
2024,3,min,17.606131,21.02484,20.354257,21.432343,24.681309,20.84266,24.97572,22.100966,19.369293,19.562452,20.705547,21.508505,19.802078,18.081871,18.880441,22.49843,21.09807,17.662797,21.760844,22.993212,18.807405,23.071996,17.180133,18.747218,18.956009,24.240052,21.435672,16.887135,21.003991,18.015578,18.816077
2024,4,max,26.324783,29.389471,27.673697,28.028376,26.738698,25.793134,28.428644,27.395148,28.010939,25.782251,28.355777,28.913491,28.695981,26.477475,29.660631,30.544828,29.030485,27.089847,28.563263,26.828913,28.697326,27.653261,25.269265,26.198111,29.546403,25.67423,30.693645,30.212514,25.0824,25.667668,25.136489
2024,4,min,22.122704,23.817941,21.293169,23.140034,21.161409,21.462954,24.231399,23.054832,20.915638,21.242768,22.404333,24.129093,21.75331,22.190899,24.366985,26.18645,23.336323,21.806894,24.466436,18.878305,20.736689,23.069987,17.996578,20.702828,22.135346,21.456078,22.986727,22.931978,18.307219,19.867422,20.300451
2024,5,max,27.156236,27.067799,26.826361,24.776288,24.038534,27.909373,24.950121,28.663334,24.246715,23.978208,25.556066,27.888805,24.042673,27.82467,26.21241,24.525826,29.12884,25.046708,26.676121,24.057134,27.104695,26.288602,26.008883,27.679589,29.797669,28.79956,29.200267,28.817355,27.257839,24.838452,27.869794
2024,5,min,22.341031,22.033167,19.906667,17.981267,17.706515,23.735445,19.814067,22.191475,17.627683,18.423628,18.147734,20.431676,16.573031,22.899996,18.305963,19.264002,23.002597,19.044104,18.970721,19.067565,21.770417,21.660581,20.60123,22.73477,23.792663,22.296391,21.638659,24.699491,22.137064,17.249751,23.518614
2024,6,max,23.293243,24.67469,22.364568,21.916495,26.458412,24.253403,21.831459,25.80063,22.85399,24.142833,26.974115,21.870914,26.502673,24.344042,21.710324,26.277829,25.59261,23.484241,23.658027,26.364781,22.642777,21.640629,25.574685,22.601176,22.385468,25.124267,25.128848,24.013948,25.272115,26.112777,21.825076
2024,6,min,15.45082,18.172592,17.403125,14.034346,21.141273,19.426373,15.666044,18.35028,16.033445,19.601823,19.071007,14.138795,21.232688,16.549636,16.439933,19.369511,18.072082,17.839234,15.922953,18.63178,15.526345,16.901643,19.126759,16.333003,17.456738,19.687222,19.222439,17.5951,19.776277,20.146994,17.052037
2024,7,max,17.193377,17.090086,19.478264,22.929461,17.396818,22.913766,19.939657,19.74527,19.429201,21.411991,18.877385,21.454807,20.151383,21.721519,19.709658,17.254495,20.112216,21.41102,20.09676,17.295773,19.388239,21.965726,19.534773,17.32728,17.853438,19.710189,17.67903,22.627055,17.81184,19.705315,20.541893
2024,7,min,10.135222,12.010651,12.508797,15.898354,9.688405,15.44525,14.640075,14.758134,15.261896,15.890494,12.431365,15.079584,12.648251,15.638923,12.401617,9.27115,14.529771,15.180217,13.574166,12.131055,14.170023,16.120337,13.082236,11.259401,10.533864,12.819601,10.564105,15.842598,12.157603,14.989801,13.691355
2024,8,max,14.211592,14.500494,18.442975,17.310248,13.68499,15.17766,15.304524,16.069999,15.272072,17.609562,16.392949,13.900538,14.073201,15.51749,17.611783,16.758717,13.789426,16.735362,15.751856,16.261007,18.296218,16.533174,15.460908,16.600613,16.28405,16.345292,13.293513,16.919661,18.122976,18.028087,18.522308
2024,8,min,8.392859,7.733624,11.25703,12.816071,7.887396,9.082391,8.140258,8.270983,9.749644,9.960551,9.754828,6.425264,7.225011,10.279417,11.82675,12.288501,8.978019,11.722918,8.330212,12.238005,13.344704,10.630326,11.143289,11.62176,9.804986,9.044282,8.700488,12.772777,11.45499,12.83432,14.326183
2024,9,max,12.573538,14.10434,14.220878,14.795642,12.803824,15.660676,11.867564,12.345433,12.63574,11.828793,14.239513,13.234113,14.246774,10.72761,13.845668,12.973775,15.675147,11.794921,11.970728,16.041943,10.850076,13.190032,13.026823,13.728231,15.947343,10.215718,10.779351,14.869183,12.556044,13.43429,10.13958
2024,9,min,7.860545,7.659981,7.841003,10.085965,6.487959,11.288171,6.393286,8.074766,6.433855,7.29061,9.141839,7.135528,7.798559,3.808696,5.896911,6.219158,7.730033,5.359542,5.869163,10.626529,4.599538,6.662601,8.307195,6.893883,11.941019,3.713875,3.387072,6.873235,7.220875,6.884276,5.334832
2024,10,max,10.68976,10.846635,10.943543,13.115015,13.34638,9.174704,10.983089,13.034838,13.783526,11.888973,14.35235,11.010658,11.483718,14.010634,13.349785,12.215313,13.11296,14.328177,14.81768,9.187039,12.759065,12.42589,12.571151,13.509241,10.886996,11.483217,10.425853,14.70436,10.81391,13.709664,14.480123
2024,10,min,3.528978,4.819877,6.919018,7.749568,6.882406,4.472188,5.631342,5.370186,7.200917,5.380171,8.20448,3.874702,4.51338,8.813259,8.087774,7.382263,5.914818,8.913795,9.69584,1.252564,5.389442,6.867625,5.112776,6.688177,6.760484,5.495,4.618228,9.839801,6.364985,6.598502,8.705027
2024,11,max,10.221405,13.072123,15.613617,13.213565,10.931567,15.004628,14.132101,14.419221,14.353861,10.096456,14.194111,10.594252,10.348635,14.025702,13.537156,15.42461,11.227071,11.986696,10.777702,11.713618,13.809467,11.311261,11.982706,14.297919,11.540747,13.751374,12.733683,12.89621,10.707358,12.630591,13.648525
2024,11,min,4.290753,8.311276,8.683853,6.111432,3.444371,7.252532,9.601232,8.581747,8.264482,2.367107,7.81696,4.726749,4.266325,8.775779,8.288584,10.141089,6.120472,6.222233,6.180419,7.652591,7.753224,5.909988,7.416479,9.164848,7.255776,8.396419,8.213387,6.194226,6.492159,7.914659,7.2775
2024,12,max,18.017046,16.697892,17.904652,17.025222,18.842091,15.794172,17.877106,15.809655,17.106868,15.792379,14.342767,16.701653,15.352462,16.991084,18.294423,13.181585,15.108645,14.024809,16.626641,13.617593,17.780547,16.896708,16.196473,15.480651,16.287694,15.302899,17.883494,17.705884,17.723961,14.416926,13.467366
2024,12,min,11.219584,11.448129,11.053057,10.891282,11.81912,11.266991,10.19835,9.987319,10.266004,10.865603,6.898382,9.050206,8.554003,9.835969,12.481291,7.280247,9.263678,6.953043,12.117065,6.347382,12.477068,9.726985,10.593207,8.997152,8.392127,9.940042,11.519613,11.964469,11.545853,7.766477,5.743913
