,year,month,day,max,min
0,2018,1,day1,20.836561,16.736518
1,2018,1,day10,21.856583,17.830588
2,2018,1,day11,21.834916,15.042358
3,2018,1,day12,19.041503,14.419585
4,2018,1,day13,22.743278,17.3969
5,2018,1,day14,17.556475,13.16961
6,2018,1,day15,22.084966,15.670062
7,2018,1,day16,21.84277,14.923842
8,2018,1,day17,20.217369,12.324905
9,2018,1,day18,19.271206,13.063044
10,2018,1,day19,21.976428,15.502349
11,2018,1,day2,18.650176,13.757333
12,2018,1,day20,22.170241,15.860833
13,2018,1,day21,21.227431,17.044133
14,2018,1,day22,18.36739,13.209838
15,2018,1,day23,17.478752,12.547588
16,2018,1,day24,17.606009,12.494114
17,2018,1,day25,20.814107,15.354778
18,2018,1,day26,19.221086,14.383058
19,2018,1,day27,18.601867,10.855249
20,2018,1,day28,20.888212,14.451688
21,2018,1,day29,18.026832,11.110325
22,2018,1,day3,21.418827,14.712029
23,2018,1,day30,17.980415,12.462593
24,2018,1,day31,22.93714,16.377141
25,2018,1,day4,22.353077,18.005322
26,2018,1,day5,19.531531,15.412342
27,2018,1,day6,18.311828,12.290407
28,2018,1,day7,17.159216,12.363865
29,2018,1,day8,20.899307,14.719541
30,2018,1,day9,18.322644,11.965581
31,2018,2,day1,24.341698,17.603241
32,2018,2,day10,24.368209,19.317242
33,2018,2,day11,24.507516,16.916224
34,2018,2,day12,23.396403,18.51912
35,2018,2,day13,26.985226,20.94712
36,2018,2,day14,21.545456,17.356991
37,2018,2,day15,21.657895,15.148111
38,2018,2,day16,25.752476,20.063836
39,2018,2,day17,21.381166,15.854689
40,2018,2,day18,26.976728,20.860271
41,2018,2,day19,26.82647,19.383351
42,2018,2,day2,26.057112,18.953112
43,2018,2,day20,21.068886,14.185999
44,2018,2,day21,25.090262,18.942381
45,2018,2,day22,22.600951,16.037104
46,2018,2,day23,21.669313,15.930252
47,2018,2,day24,23.722342,15.907079
48,2018,2,day25,26.255118,21.201561
49,2018,2,day26,24.003517,19.288909
50,2018,2,day27,26.475767,18.993693
51,2018,2,day28,22.790669,16.234871
52,2018,2,day29,24.653821,20.042464
53,2018,2,day3,22.374288,18.245887
54,2018,2,day30,25.575065,19.417549
55,2018,2,day31,25.671759,19.550344
56,2018,2,day4,22.892718,17.821755
57,2018,2,day5,22.265897,14.494258
58,2018,2,day6,26.258206,20.999494
59,2018,2,day7,24.932632,19.350104
60,2018,2,day8,26.487286,20.651878
61,2018,2,day9,22.589281,17.602771
62,2018,3,day1,23.931635,18.63501
63,2018,3,day10,25.518543,18.028811
64,2018,3,day11,26.467031,21.619838
65,2018,3,day12,27.16398,20.244255
66,2018,3,day13,25.13511,19.888244
67,2018,3,day14,29.899099,23.299587
68,2018,3,day15,26.556804,20.4865
69,2018,3,day16,24.654228,19.755439
70,2018,3,day17,25.956717,19.603482
71,2018,3,day18,25.308892,20.428022
72,2018,3,day19,24.354162,17.82975
73,2018,3,day2,24.045064,16.328669
74,2018,3,day20,25.301854,17.680174
75,2018,3,day21,29.086016,24.802586
76,2018,3,day22,25.356231,18.68032
77,2018,3,day23,25.213624,20.684377
78,2018,3,day24,29.541289,23.257116
79,2018,3,day25,26.764229,19.625752
80,2018,3,day26,28.773185,24.011546
81,2018,3,day27,24.509788,18.785583
82,2018,3,day28,26.469675,20.601576
83,2018,3,day29,28.302658,21.6092
84,2018,3,day3,29.200534,21.873872
85,2018,3,day30,29.833194,25.439523
86,2018,3,day31,26.343931,20.986721
87,2018,3,day4,25.773288,21.541587
88,2018,3,day5,29.196261,21.408463
89,2018,3,day6,24.442124,18.498162
90,2018,3,day7,24.343478,17.30107
91,2018,3,day8,28.52321,24.009644
92,2018,3,day9,26.779897,20.580683
93,2018,4,day1,30.170035,25.17541
94,2018,4,day10,27.913847,23.058858
95,2018,4,day11,27.406242,23.1717
96,2018,4,day12,27.273839,19.332603
97,2018,4,day13,26.591218,19.454936
98,2018,4,day14,27.73005,22.03802
99,2018,4,day15,30.743906,22.762215
100,2018,4,day16,28.33461,21.460977
101,2018,4,day17,25.928781,20.74195
102,2018,4,day18,30.812256,24.495535
103,2018,4,day19,28.253171,21.261269
104,2018,4,day2,26.141253,20.346799
105,2018,4,day20,25.342992,19.006281
106,2018,4,day21,28.017102,20.606223
107,2018,4,day22,25.944596,18.101481
108,2018,4,day23,25.480669,20.737369
109,2018,4,day24,28.570211,21.86936
110,2018,4,day25,26.411223,21.931677
111,2018,4,day26,30.341724,25.356862
112,2018,4,day27,28.567115,22.089589
113,2018,4,day28,27.515349,21.18066
114,2018,4,day29,28.136696,20.397871
115,2018,4,day3,27.53129,22.417109
116,2018,4,day30,26.225555,19.360788
117,2018,4,day31,26.432116,20.848972
118,2018,4,day4,26.498839,18.805776
119,2018,4,day5,27.658784,20.213388
120,2018,4,day6,28.301952,24.099599
121,2018,4,day7,30.995695,23.651584
122,2018,4,day8,30.813978,23.10851
123,2018,4,day9,30.092174,25.42693
124,2018,5,day1,27.958345,22.758356
125,2018,5,day10,27.59827,19.649338
126,2018,5,day11,27.852061,23.820769
127,2018,5,day12,28.830828,23.633313
128,2018,5,day13,27.908536,20.152816
129,2018,5,day14,24.73395,20.272235
130,2018,5,day15,24.570419,18.357525
131,2018,5,day16,25.562293,19.142973
132,2018,5,day17,28.233876,23.419487
133,2018,5,day18,27.733631,22.677695
134,2018,5,day19,26.859394,19.238048
135,2018,5,day2,25.825266,18.817808
136,2018,5,day20,29.004826,24.635632
137,2018,5,day21,26.469658,21.362937
138,2018,5,day22,23.949477,16.865
139,2018,5,day23,27.750883,22.703062
140,2018,5,day24,28.375589,22.168867
141,2018,5,day25,26.494325,22.455646
142,2018,5,day26,24.379666,16.847241
143,2018,5,day27,29.351775,23.169414
144,2018,5,day28,28.935773,22.605735
145,2018,5,day29,24.816766,20.306984
146,2018,5,day3,24.363462,18.53032
147,2018,5,day30,25.777753,18.181827
148,2018,5,day31,28.704937,21.262127
149,2018,5,day4,29.91893,21.934544
150,2018,5,day5,24.367768,19.51515
151,2018,5,day6,25.519406,17.786368
152,2018,5,day7,29.213388,21.696307
153,2018,5,day8,26.145366,21.514378
154,2018,5,day9,28.930673,22.116513
155,2018,6,day1,26.393548,21.553242
156,2018,6,day10,25.813411,18.357155
157,2018,6,day11,25.864496,20.797273
158,2018,6,day12,25.724247,21.291865
159,2018,6,day13,26.233001,18.798628
160,2018,6,day14,22.334602,15.068256
161,2018,6,day15,23.761819,18.541056
162,2018,6,day16,25.772073,20.861691
163,2018,6,day17,21.141987,16.369467
164,2018,6,day18,22.969572,15.51216
165,2018,6,day19,26.801335,21.684835
166,2018,6,day2,22.497178,18.086004
167,2018,6,day20,24.84889,19.250177
168,2018,6,day21,26.886898,20.742035
169,2018,6,day22,26.635423,22.174056
170,2018,6,day23,26.822404,22.108132
171,2018,6,day24,26.775206,21.71334
172,2018,6,day25,21.650415,15.91216
173,2018,6,day26,25.37127,20.116561
174,2018,6,day27,24.637253,18.591561
175,2018,6,day28,23.311173,17.00482
176,2018,6,day29,22.528335,15.693194
177,2018,6,day3,25.680697,18.144159
178,2018,6,day30,21.010148,13.307847
179,2018,6,day31,24.230712,17.352992
180,2018,6,day4,23.438264,16.955618
181,2018,6,day5,21.92732,14.207796
182,2018,6,day6,26.187634,18.28281
183,2018,6,day7,25.86463,18.338966
184,2018,6,day8,21.148718,14.20246
185,2018,6,day9,22.993113,15.269849
186,2018,7,day1,21.4517,14.769186
187,2018,7,day10,22.416833,15.954774
188,2018,7,day11,18.805699,12.61395
189,2018,7,day12,17.002436,11.854781
190,2018,7,day13,19.579329,13.25939
191,2018,7,day14,20.928234,15.068281
192,2018,7,day15,19.652959,14.798153
193,2018,7,day16,19.839117,12.234394
194,2018,7,day17,21.776149,17.097383
195,2018,7,day18,17.508773,11.446965
196,2018,7,day19,20.797645,15.456892
197,2018,7,day2,19.185329,14.905434
198,2018,7,day20,21.910541,14.905988
199,2018,7,day21,21.036774,16.138211
200,2018,7,day22,18.19478,14.097078
201,2018,7,day23,18.469055,12.56851
202,2018,7,day24,22.098426,17.807113
203,2018,7,day25,19.486646,12.967585
204,2018,7,day26,18.166611,11.381194
205,2018,7,day27,19.966263,14.990325
206,2018,7,day28,20.936348,16.914169
207,2018,7,day29,21.505787,14.425602
208,2018,7,day3,20.985426,15.664626
209,2018,7,day30,17.639524,11.938939
210,2018,7,day31,18.05532,10.223456
211,2018,7,day4,18.883494,11.491433
212,2018,7,day5,21.318526,16.117237
213,2018,7,day6,18.855708,13.222136
214,2018,7,day7,19.414402,14.231782
215,2018,7,day8,17.763727,12.081941
216,2018,7,day9,22.642182,15.93291
217,2018,8,day1,16.107747,11.906873
218,2018,8,day10,15.848047,10.81128
219,2018,8,day11,14.483438,7.932793
220,2018,8,day12,17.594882,11.509683
221,2018,8,day13,16.760491,11.662101
222,2018,8,day14,13.4649,8.321988
223,2018,8,day15,14.630291,9.351452
224,2018,8,day16,16.240913,11.687417
225,2018,8,day17,14.387569,7.61177
226,2018,8,day18,17.238515,12.981599
227,2018,8,day19,15.445596,9.275152
228,2018,8,day2,14.49519,7.101844
229,2018,8,day20,15.494645,10.667308
230,2018,8,day21,15.520861,7.901507
231,2018,8,day22,16.504476,9.722385
232,2018,8,day23,18.140392,11.078014
233,2018,8,day24,15.282286,11.258702
234,2018,8,day25,15.110553,8.096652
235,2018,8,day26,18.120688,10.306966
236,2018,8,day27,15.514128,8.524065
237,2018,8,day28,16.276794,9.863784
238,2018,8,day29,14.323232,9.445546
239,2018,8,day3,15.738771,8.533105
240,2018,8,day30,15.615016,11.498917
241,2018,8,day31,15.016777,8.30021
242,2018,8,day4,17.005466,9.053897
243,2018,8,day5,16.572714,8.772555
244,2018,8,day6,18.348556,11.897946
245,2018,8,day7,17.315644,11.296531
246,2018,8,day8,17.983415,11.791927
247,2018,8,day9,18.383249,11.408627
248,2018,9,day1,12.497697,7.837518
249,2018,9,day10,14.583856,7.256159
250,2018,9,day11,11.585426,7.257801
251,2018,9,day12,10.188096,4.03042
252,2018,9,day13,16.071244,10.671402
253,2018,9,day14,13.972661,6.847729
254,2018,9,day15,13.982325,6.965392
255,2018,9,day16,15.769467,10.972024
256,2018,9,day17,10.194077,5.584547
257,2018,9,day18,10.829123,4.151287
258,2018,9,day19,13.455614,8.583756
259,2018,9,day2,12.876138,8.365626
260,2018,9,day20,14.268587,7.200994
261,2018,9,day21,11.078532,4.649542
262,2018,9,day22,14.559351,10.101219
263,2018,9,day23,14.987604,7.128721
264,2018,9,day24,10.720389,6.617676
265,2018,9,day25,11.94354,5.234151
266,2018,9,day26,15.820834,10.234216
267,2018,9,day27,14.361885,10.057899
268,2018,9,day28,14.215483,7.706514
269,2018,9,day29,10.683205,3.593281
270,2018,9,day3,13.805339,9.697473
271,2018,9,day30,15.173556,8.77191
272,2018,9,day31,10.798127,2.86275
273,2018,9,day4,12.435918,6.17835
274,2018,9,day5,10.234409,3.66341
275,2018,9,day6,10.885994,5.0392
276,2018,9,day7,10.373505,4.857089
277,2018,9,day8,11.341758,6.034375
278,2018,9,day9,14.639175,9.12267
279,2018,10,day1,13.695812,8.306997
280,2018,10,day10,12.229037,6.295047
281,2018,10,day11,11.613447,4.689342
282,2018,10,day12,10.610373,3.203521
283,2018,10,day13,13.984386,9.637735
284,2018,10,day14,14.289787,9.314333
285,2018,10,day15,11.788251,5.346924
286,2018,10,day16,11.273936,7.159136
287,2018,10,day17,14.105717,9.378358
288,2018,10,day18,10.272719,3.08139
289,2018,10,day19,11.042033,3.520753
290,2018,10,day2,11.570268,6.087985
291,2018,10,day20,13.207103,8.102028
292,2018,10,day21,9.060907,1.268656
293,2018,10,day22,9.513678,2.633379
294,2018,10,day23,11.931467,4.898808
295,2018,10,day24,13.143656,6.560044
296,2018,10,day25,11.944928,4.773197
297,2018,10,day26,9.55832,4.671935
298,2018,10,day27,13.150723,7.925899
299,2018,10,day28,12.489334,6.596292
300,2018,10,day29,12.185532,6.483516
301,2018,10,day3,12.035765,6.67084
302,2018,10,day30,13.475613,8.152447
303,2018,10,day31,13.21713,8.133464
304,2018,10,day4,14.097454,6.80813
305,2018,10,day5,9.633233,1.790083
306,2018,10,day6,12.813511,5.498681
307,2018,10,day7,13.243852,7.501903
308,2018,10,day8,13.402772,5.540877
309,2018,10,day9,10.620494,3.387698
310,2018,11,day1,11.580219,7.097595
311,2018,11,day10,13.276607,8.179362
312,2018,11,day11,15.917566,9.70413
313,2018,11,day12,14.256301,9.751183
314,2018,11,day13,15.282564,9.319049
315,2018,11,day14,15.308115,9.011858
316,2018,11,day15,12.888178,7.126303
317,2018,11,day16,11.177979,6.972472
318,2018,11,day17,15.718178,9.807262
319,2018,11,day18,15.004491,9.401661
320,2018,11,day19,10.51629,3.998507
321,2018,11,day2,11.227303,6.749084
322,2018,11,day20,10.393451,5.796661
323,2018,11,day21,13.448834,8.233492
324,2018,11,day22,16.035306,11.561499
325,2018,11,day23,14.658457,8.233187
326,2018,11,day24,14.816242,9.913493
327,2018,11,day25,13.207232,7.405174
328,2018,11,day26,12.728123,5.287456
329,2018,11,day27,16.011984,10.790463
330,2018,11,day28,13.797961,7.359437
331,2018,11,day29,14.512333,6.721972
332,2018,11,day3,13.286981,6.238222
333,2018,11,day30,11.318524,6.474423
334,2018,11,day31,14.034366,9.406137
335,2018,11,day4,11.182696,6.317157
336,2018,11,day5,12.976988,6.078648
337,2018,11,day6,15.931439,9.832891
338,2018,11,day7,11.769789,7.367685
339,2018,11,day8,11.236502,6.32657
340,2018,11,day9,11.148446,7.091853
341,2018,12,day1,14.042881,9.742622
342,2018,12,day10,16.885808,9.252163
343,2018,12,day11,17.959787,13.674148
344,2018,12,day12,13.995537,8.765089
345,2018,12,day13,17.493746,11.216918
346,2018,12,day14,14.731664,10.234249
347,2018,12,day15,17.132068,10.333133
348,2018,12,day16,18.656057,12.654169
349,2018,12,day17,15.962771,11.641004
350,2018,12,day18,13.239165,7.51105
351,2018,12,day19,14.93393,9.932458
352,2018,12,day2,13.016054,7.21404
353,2018,12,day20,13.547961,5.700317
354,2018,12,day21,18.015752,11.714955
355,2018,12,day22,18.704718,10.706428
356,2018,12,day23,17.03369,11.955645
357,2018,12,day24,13.24139,6.216315
358,2018,12,day25,15.823005,9.216967
359,2018,12,day26,18.496437,13.77048
360,2018,12,day27,16.511978,9.972839
361,2018,12,day28,15.950355,11.585385
362,2018,12,day29,15.087766,9.754533
363,2018,12,day3,16.562867,11.39783
364,2018,12,day30,17.020801,9.589869
365,2018,12,day31,14.978822,8.204127
366,2018,12,day4,14.388857,7.561034
367,2018,12,day5,17.217925,11.4018
368,2018,12,day6,17.12431,9.428665
369,2018,12,day7,17.726968,11.226736
370,2018,12,day8,16.967098,9.232424
371,2018,12,day9,15.550834,9.372584
372,2019,1,day1,18.729307,10.948533
373,2019,1,day10,21.559943,16.74571
374,2019,1,day11,20.295318,12.584627
375,2019,1,day12,19.628697,12.835696
376,2019,1,day13,17.728557,9.835969
377,2019,1,day14,20.65323,15.69604
378,2019,1,day15,17.950269,11.746913
379,2019,1,day16,20.313508,15.940672
380,2019,1,day17,22.953543,15.301823
381,2019,1,day18,19.768687,15.298823
382,2019,1,day19,21.992859,15.999357
383,2019,1,day2,21.881396,15.68101
384,2019,1,day20,21.29962,15.264132
385,2019,1,day21,18.640549,11.301654
386,2019,1,day22,22.881468,17.906544
387,2019,1,day23,20.30759,14.773246
388,2019,1,day24,22.531209,16.498245
389,2019,1,day25,22.275958,14.81985
390,2019,1,day26,18.657484,11.49746
391,2019,1,day27,19.489655,11.752661
392,2019,1,day28,20.046426,12.764228
393,2019,1,day29,18.697034,13.502811
394,2019,1,day3,19.728955,14.470887
395,2019,1,day30,20.521626,12.526017
396,2019,1,day31,19.937842,15.34346
397,2019,1,day4,18.939643,11.058904
398,2019,1,day5,19.42505,13.366665
399,2019,1,day6,22.928715,16.298074
400,2019,1,day7,20.255562,14.602571
401,2019,1,day8,18.125495,12.678378
402,2019,1,day9,21.538659,15.037024
403,2019,2,day1,24.231483,18.850988
404,2019,2,day10,26.884909,20.903594
405,2019,2,day11,21.222118,15.212953
406,2019,2,day12,24.541083,17.062281
407,2019,2,day13,26.245142,20.483917
408,2019,2,day14,24.155707,18.327994
409,2019,2,day15,25.334663,19.694748
410,2019,2,day16,24.928688,20.311243
411,2019,2,day17,23.816944,15.940129
412,2019,2,day18,23.031367,16.260549
413,2019,2,day19,24.89902,17.491959
414,2019,2,day2,24.311505,18.137784
415,2019,2,day20,26.114048,18.676679
416,2019,2,day21,23.280056,18.013412
417,2019,2,day22,25.312305,18.274697
418,2019,2,day23,26.234298,22.090702
419,2019,2,day24,21.410524,14.88588
420,2019,2,day25,26.525575,18.535871
421,2019,2,day26,25.480598,19.744712
422,2019,2,day27,21.590659,15.055667
423,2019,2,day28,26.235475,20.460761
424,2019,2,day29,25.164007,17.550311
425,2019,2,day3,23.732068,18.444958
426,2019,2,day30,21.275946,14.091372
427,2019,2,day31,22.760207,17.260842
428,2019,2,day4,22.131914,15.341921
429,2019,2,day5,24.430786,19.496536
430,2019,2,day6,25.653267,21.478678
431,2019,2,day7,25.468231,18.647319
432,2019,2,day8,25.868453,20.324138
433,2019,2,day9,24.982133,17.699143
434,2019,3,day1,24.801622,18.676957
435,2019,3,day10,24.876057,19.109138
436,2019,3,day11,26.001597,19.65131
437,2019,3,day12,27.761835,22.0646
438,2019,3,day13,25.428793,18.047577
439,2019,3,day14,25.123505,19.584732
440,2019,3,day15,26.827452,21.878629
441,2019,3,day16,27.359739,21.060492
442,2019,3,day17,29.884355,24.703432
443,2019,3,day18,29.79587,23.162951
444,2019,3,day19,25.575086,19.311369
445,2019,3,day2,27.323772,20.153694
446,2019,3,day20,28.043,21.064325
447,2019,3,day21,24.222469,17.796843
448,2019,3,day22,26.908567,19.291946
449,2019,3,day23,25.645368,18.449928
450,2019,3,day24,27.570593,22.161309
451,2019,3,day25,27.74791,21.264346
452,2019,3,day26,27.99479,21.111076
453,2019,3,day27,27.883292,20.529944
454,2019,3,day28,27.697692,20.084077
455,2019,3,day29,27.806247,22.570515
456,2019,3,day3,24.948105,20.632232
457,2019,3,day30,26.573142,20.254847
458,2019,3,day31,28.322362,23.961828
459,2019,3,day4,29.153241,22.674399
460,2019,3,day5,25.373182,17.721866
461,2019,3,day6,24.78691,18.94231
462,2019,3,day7,25.452067,20.43076
463,2019,3,day8,23.984588,16.766056
464,2019,3,day9,29.33546,22.625016
465,2019,4,day1,26.770663,19.780739
466,2019,4,day10,30.799001,23.358439
467,2019,4,day11,29.3453,21.425531
468,2019,4,day12,30.803618,23.585268
469,2019,4,day13,27.19465,20.031922
470,2019,4,day14,25.083512,18.937223
471,2019,4,day15,27.728716,21.037403
472,2019,4,day16,29.034045,22.695804
473,2019,4,day17,29.934504,22.173336
474,2019,4,day18,25.650077,20.714789
475,2019,4,day19,25.150148,17.613209
476,2019,4,day2,26.05384,21.525201
477,2019,4,day20,28.368444,20.707421
478,2019,4,day21,26.328203,22.075335
479,2019,4,day22,29.943132,22.305582
480,2019,4,day23,26.813141,21.179958
481,2019,4,day24,25.838662,18.053616
482,2019,4,day25,26.826188,20.855689
483,2019,4,day26,25.583152,18.034115
484,2019,4,day27,25.813984,19.999409
485,2019,4,day28,29.022917,22.050357
486,2019,4,day29,30.675845,24.999338
487,2019,4,day3,28.236447,20.350488
488,2019,4,day30,29.453614,24.835522
489,2019,4,day31,27.489307,23.093221
490,2019,4,day4,28.185114,20.531166
491,2019,4,day5,29.982836,24.954955
492,2019,4,day6,29.948139,24.020748
493,2019,4,day7,29.838931,22.852694
494,2019,4,day8,27.032292,22.571613
495,2019,4,day9,30.77736,26.214332
496,2019,5,day1,26.864285,21.231822
497,2019,5,day10,27.904816,21.337998
498,2019,5,day11,27.511079,23.425649
499,2019,5,day12,28.648971,23.674695
500,2019,5,day13,24.683747,18.425435
501,2019,5,day14,24.339864,17.279235
502,2019,5,day15,25.171147,20.307342
503,2019,5,day16,29.146376,23.832138
504,2019,5,day17,24.813528,17.211404
505,2019,5,day18,23.945217,16.511592
506,2019,5,day19,24.796331,20.276363
507,2019,5,day2,29.637332,25.506467
508,2019,5,day20,25.432128,20.73414
509,2019,5,day21,27.894549,23.791428
510,2019,5,day22,24.017365,16.857427
511,2019,5,day23,25.355793,20.060707
512,2019,5,day24,24.97368,20.764084
513,2019,5,day25,28.378512,22.274169
514,2019,5,day26,28.402195,22.497211
515,2019,5,day27,28.596305,22.543354
516,2019,5,day28,24.582527,18.567173
517,2019,5,day29,29.600697,25.427237
518,2019,5,day3,26.151383,20.377851
519,2019,5,day30,28.627565,21.159642
520,2019,5,day31,27.056911,21.22474
521,2019,5,day4,29.631534,22.209733
522,2019,5,day5,24.524331,17.78161
523,2019,5,day6,27.194998,19.283628
524,2019,5,day7,26.080246,20.487688
525,2019,5,day8,25.067055,20.578416
526,2019,5,day9,29.016402,23.197533
527,2019,6,day1,26.784157,22.540855
528,2019,6,day10,24.632561,20.235847
529,2019,6,day11,25.210677,17.799506
530,2019,6,day12,24.9055,17.829649
531,2019,6,day13,25.325039,20.464947
532,2019,6,day14,23.709329,18.795355
533,2019,6,day15,23.03359,17.219594
534,2019,6,day16,23.495938,19.115595
535,2019,6,day17,23.560584,16.900153
536,2019,6,day18,23.245806,18.63525
537,2019,6,day19,26.53791,22.269377
538,2019,6,day2,23.873891,18.267422
539,2019,6,day20,25.990631,21.617711
540,2019,6,day21,21.579387,14.624203
541,2019,6,day22,25.870616,19.645133
542,2019,6,day23,24.51879,18.272445
543,2019,6,day24,22.977876,18.488951
544,2019,6,day25,23.121588,16.460226
545,2019,6,day26,25.501706,18.029337
546,2019,6,day27,25.326364,17.45277
547,2019,6,day28,24.602461,19.195876
548,2019,6,day29,24.467511,19.616556
549,2019,6,day3,25.116585,19.15551
550,2019,6,day30,24.940418,20.043438
551,2019,6,day31,21.64931,14.267817
552,2019,6,day4,26.458205,22.164242
553,2019,6,day5,21.484743,15.051553
554,2019,6,day6,21.394093,16.294029
555,2019,6,day7,24.79846,18.605035
556,2019,6,day8,22.951113,14.972602
557,2019,6,day9,24.183341,18.368479
558,2019,7,day1,19.205366,12.154944
559,2019,7,day10,22.219176,15.953892
560,2019,7,day11,19.404706,14.837207
561,2019,7,day12,20.799032,16.676404
562,2019,7,day13,21.476671,16.616139
563,2019,7,day14,19.518995,14.155411
564,2019,7,day15,19.220319,12.333935
565,2019,7,day16,21.661014,15.390639
566,2019,7,day17,17.509742,13.299307
567,2019,7,day18,17.944459,11.473107
568,2019,7,day19,21.043812,15.955401
569,2019,7,day2,20.4446,13.215715
570,2019,7,day20,20.971632,15.028985
571,2019,7,day21,19.652265,14.559598
572,2019,7,day22,21.529659,17.074389
573,2019,7,day23,19.579482,14.446496
574,2019,7,day24,21.070918,15.124387
575,2019,7,day25,21.002795,16.821126
576,2019,7,day26,19.37158,12.974281
577,2019,7,day27,17.046123,11.840445
578,2019,7,day28,18.267404,13.718465
579,2019,7,day29,18.533117,13.220628
580,2019,7,day3,22.070931,14.172745
581,2019,7,day30,17.046379,10.058323
582,2019,7,day31,18.054169,12.533339
583,2019,7,day4,21.910561,15.456268
584,2019,7,day5,20.856195,16.75118
585,2019,7,day6,22.574506,15.256663
586,2019,7,day7,18.604686,13.883022
587,2019,7,day8,21.216193,15.980254
588,2019,7,day9,19.038948,15.014525
589,2019,8,day1,17.222028,11.220978
590,2019,8,day10,16.708752,9.380648
591,2019,8,day11,18.518619,14.166099
592,2019,8,day12,18.066906,13.09364
593,2019,8,day13,16.533228,10.437378
594,2019,8,day14,15.3746,10.133502
595,2019,8,day15,15.03708,9.704805
596,2019,8,day16,14.008796,7.966863
597,2019,8,day17,13.68416,7.644352
598,2019,8,day18,18.435536,13.038035
599,2019,8,day19,17.364275,10.08848
600,2019,8,day2,18.000125,10.775324
601,2019,8,day20,17.890222,12.945147
602,2019,8,day21,13.878665,9.089578
603,2019,8,day22,16.614394,9.573533
604,2019,8,day23,16.933054,12.22447
605,2019,8,day24,17.637089,11.66062
606,2019,8,day25,17.526675,10.487166
607,2019,8,day26,15.693432,7.996815
608,2019,8,day27,16.386951,9.845757
609,2019,8,day28,16.747131,9.290143
610,2019,8,day29,16.763304,12.159475
611,2019,8,day3,13.432453,5.985396
612,2019,8,day30,13.409718,7.640885
613,2019,8,day31,14.816923,9.718228
614,2019,8,day4,13.253814,9.178847
615,2019,8,day5,18.526975,11.078535
616,2019,8,day6,16.454555,10.160956
617,2019,8,day7,17.256994,11.586218
618,2019,8,day8,13.69104,9.607614
619,2019,8,day9,14.948609,7.74332
620,2019,9,day1,10.408829,4.379482
621,2019,9,day10,12.000957,6.098441
622,2019,9,day11,10.976963,6.729468
623,2019,9,day12,10.692808,3.096301
624,2019,9,day13,12.132423,5.275161
625,2019,9,day14,13.099091,8.408855
626,2019,9,day15,11.558259,5.807226
627,2019,9,day16,12.708328,6.617335
628,2019,9,day17,11.024274,5.532866
629,2019,9,day18,11.769158,6.134081
630,2019,9,day19,12.102,5.710456
631,2019,9,day2,11.934244,6.126588
632,2019,9,day20,14.807158,8.217937
633,2019,9,day21,10.467268,6.089244
634,2019,9,day22,14.142073,9.005485
635,2019,9,day23,14.414199,7.787942
636,2019,9,day24,15.509853,8.016734
637,2019,9,day25,12.071969,5.741011
638,2019,9,day26,10.920367,5.521084
639,2019,9,day27,15.877976,9.084056
640,2019,9,day28,12.423545,6.04338
641,2019,9,day29,15.69981,10.461482
642,2019,9,day3,10.413137,3.086351
643,2019,9,day30,12.331873,5.165225
644,2019,9,day31,14.950905,8.27044
645,2019,9,day4,10.532183,3.075183
646,2019,9,day5,15.203557,8.743523
647,2019,9,day6,13.114204,7.263357
648,2019,9,day7,13.397695,6.230424
649,2019,9,day8,15.447057,9.648123
650,2019,9,day9,14.930692,8.323342
651,2019,10,day1,13.973754,7.018655
652,2019,10,day10,14.010719,6.47599
653,2019,10,day11,9.226485,3.879427
654,2019,10,day12,13.597846,9.073649
655,2019,10,day13,11.260319,6.61133
656,2019,10,day14,13.98807,6.903679
657,2019,10,day15,13.854262,9.192106
658,2019,10,day16,11.62604,5.982606
659,2019,10,day17,13.058178,8.108057
660,2019,10,day18,11.665192,6.525481
661,2019,10,day19,13.491219,7.695507
662,2019,10,day2,13.112487,7.006913
663,2019,10,day20,12.204067,6.966195
664,2019,10,day21,13.851743,7.975681
665,2019,10,day22,14.01068,8.539317
666,2019,10,day23,14.682781,6.745022
667,2019,10,day24,11.77008,6.642993
668,2019,10,day25,11.291235,5.181395
669,2019,10,day26,14.797609,7.530044
670,2019,10,day27,13.807555,9.253961
671,2019,10,day28,10.500019,3.935303
672,2019,10,day29,14.244702,8.026539
673,2019,10,day3,12.876149,7.182523
674,2019,10,day30,9.615538,2.231969
675,2019,10,day31,14.106996,8.966744
676,2019,10,day4,11.170969,5.720578
677,2019,10,day5,10.081578,5.224807
678,2019,10,day6,14.68601,8.740926
679,2019,10,day7,10.359258,5.808997
680,2019,10,day8,9.462991,2.085277
681,2019,10,day9,9.606845,2.523346
682,2019,11,day1,14.650498,9.559333
683,2019,11,day10,13.971561,6.806038
684,2019,11,day11,10.897394,5.749877
685,2019,11,day12,15.050366,8.266078
686,2019,11,day13,10.904553,4.082408
687,2019,11,day14,12.763406,8.742401
688,2019,11,day15,10.547151,5.523456
689,2019,11,day16,15.081575,8.886358
690,2019,11,day17,14.435205,8.324119
691,2019,11,day18,10.738918,5.586512
692,2019,11,day19,11.878704,7.687706
693,2019,11,day2,15.503634,10.914239
694,2019,11,day20,12.59075,5.415154
695,2019,11,day21,12.814478,8.371047
696,2019,11,day22,15.502678,9.115722
697,2019,11,day23,10.170409,4.108906
698,2019,11,day24,11.523426,6.949118
699,2019,11,day25,12.64723,6.187992
700,2019,11,day26,11.515182,5.848912
701,2019,11,day27,14.058025,9.715569
702,2019,11,day28,15.919724,11.649006
703,2019,11,day29,13.228153,7.198843
704,2019,11,day3,12.696632,4.910979
705,2019,11,day30,16.001786,9.785178
706,2019,11,day31,12.414519,6.533979
707,2019,11,day4,11.404025,5.599513
708,2019,11,day5,12.169307,8.062626
709,2019,11,day6,10.391338,4.38331
710,2019,11,day7,11.486465,3.508364
711,2019,11,day8,12.321273,8.208523
712,2019,11,day9,15.656752,8.300047
713,2019,12,day1,16.814025,8.889867
714,2019,12,day10,16.790415,9.544424
715,2019,12,day11,13.378603,6.273842
716,2019,12,day12,15.746077,10.572307
717,2019,12,day13,13.262838,8.464958
718,2019,12,day14,13.251436,5.517952
719,2019,12,day15,16.092302,8.135811
720,2019,12,day16,16.258184,11.244929
721,2019,12,day17,17.519746,12.755332
722,2019,12,day18,15.141845,8.018479
723,2019,12,day19,18.19479,12.867091
724,2019,12,day2,14.521902,10.456933
725,2019,12,day20,13.74685,8.274773
726,2019,12,day21,18.336919,11.363688
727,2019,12,day22,18.367825,12.821246
728,2019,12,day23,18.842342,12.857529
729,2019,12,day24,15.98514,8.287898
730,2019,12,day25,16.115655,8.911063
731,2019,12,day26,17.362488,13.04678
732,2019,12,day27,16.61472,9.325355
733,2019,12,day28,16.272846,10.988001
734,2019,12,day29,13.480413,6.836737
735,2019,12,day3,17.73112,12.35191
736,2019,12,day30,14.838975,8.428489
737,2019,12,day31,15.556696,8.797637
738,2019,12,day4,17.397646,10.884618
739,2019,12,day5,17.629008,10.68826
740,2019,12,day6,14.995112,10.817769
741,2019,12,day7,16.276082,9.022047
742,2019,12,day8,14.050535,6.933964
743,2019,12,day9,15.787737,9.00618
744,2020,1,day1,19.109282,14.939861
745,2020,1,day10,17.4034,10.289339
746,2020,1,day11,19.197971,13.666553
747,2020,1,day12,20.403468,13.983089
748,2020,1,day13,21.074372,13.279078
749,2020,1,day14,19.23208,12.179742
750,2020,1,day15,20.443531,14.325691
751,2020,1,day16,19.388204,12.789961
752,2020,1,day17,18.49767,14.043875
753,2020,1,day18,21.414049,15.417873
754,2020,1,day19,19.321924,13.075233
755,2020,1,day2,22.220223,16.809986
756,2020,1,day20,18.57066,13.529501
757,2020,1,day21,19.677639,11.692178
758,2020,1,day22,18.713461,11.047546
759,2020,1,day23,19.947201,15.456651
760,2020,1,day24,22.116958,16.308787
761,2020,1,day25,22.392074,16.611629
762,2020,1,day26,17.526744,10.799027
763,2020,1,day27,22.073127,16.794776
764,2020,1,day28,19.084552,14.824795
765,2020,1,day29,20.253028,12.687701
766,2020,1,day3,22.988904,17.890682
767,2020,1,day30,22.108172,15.260936
768,2020,1,day31,22.563947,16.013147
769,2020,1,day4,22.880164,15.088546
770,2020,1,day5,17.450247,10.900197
771,2020,1,day6,19.179867,11.975483
772,2020,1,day7,21.076464,13.265306
773,2020,1,day8,17.856677,11.426385
774,2020,1,day9,21.687872,17.548676
775,2020,2,day1,25.762178,19.727155
776,2020,2,day10,25.940036,21.645034
777,2020,2,day11,26.834278,20.264924
778,2020,2,day12,23.699847,16.979411
779,2020,2,day13,23.067089,15.555248
780,2020,2,day14,25.681578,19.122402
781,2020,2,day15,22.091779,14.22672
782,2020,2,day16,23.59571,15.952861
783,2020,2,day17,21.332477,16.835833
784,2020,2,day18,21.918093,17.259464
785,2020,2,day19,22.935965,16.098636
786,2020,2,day2,21.728175,16.924253
787,2020,2,day20,23.076138,15.312522
788,2020,2,day21,26.369556,18.985821
789,2020,2,day22,22.503632,15.963403
790,2020,2,day23,24.305048,19.804367
791,2020,2,day24,22.816948,16.683036
792,2020,2,day25,24.015439,19.340895
793,2020,2,day26,26.649642,22.032865
794,2020,2,day27,24.952397,18.069866
795,2020,2,day28,24.630833,17.260713
796,2020,2,day29,24.381708,17.080763
797,2020,2,day3,21.833261,14.671769
798,2020,2,day30,21.170241,16.988394
799,2020,2,day31,24.848722,18.541637
800,2020,2,day4,21.157704,14.941618
801,2020,2,day5,23.213467,15.99882
802,2020,2,day6,24.309882,17.862088
803,2020,2,day7,21.517293,16.28013
804,2020,2,day8,26.99757,20.122092
805,2020,2,day9,24.154174,17.077516
806,2020,3,day1,27.834983,20.767147
807,2020,3,day10,25.803698,18.930247
808,2020,3,day11,28.333402,20.890292
809,2020,3,day12,29.780448,25.257383
810,2020,3,day13,26.151444,19.90484
811,2020,3,day14,25.842899,19.977008
812,2020,3,day15,25.533033,20.541358
813,2020,3,day16,24.509073,19.348225
814,2020,3,day17,26.233102,19.771592
815,2020,3,day18,25.417825,17.956595
816,2020,3,day19,24.886401,19.576658
817,2020,3,day2,26.427724,19.871759
818,2020,3,day20,27.394325,22.143466
819,2020,3,day21,28.506931,22.513869
820,2020,3,day22,27.016552,21.021513
821,2020,3,day23,25.779446,21.686741
822,2020,3,day24,29.5996,23.577822
823,2020,3,day25,29.728323,24.867745
824,2020,3,day26,26.045574,21.843412
825,2020,3,day27,26.897568,19.368211
826,2020,3,day28,27.853763,21.971416
827,2020,3,day29,27.148348,19.759658
828,2020,3,day3,26.916432,20.407776
829,2020,3,day30,26.51377,18.983947
830,2020,3,day31,28.293252,21.237825
831,2020,3,day4,25.666233,17.839632
832,2020,3,day5,26.825872,19.60712
833,2020,3,day6,28.038148,22.848413
834,2020,3,day7,24.366041,20.126389
835,2020,3,day8,26.565836,20.628832
836,2020,3,day9,25.152341,18.7257
837,2020,4,day1,27.195624,21.593298
838,2020,4,day10,26.194347,20.157857
839,2020,4,day11,28.000467,23.819254
840,2020,4,day12,25.822218,20.490055
841,2020,4,day13,27.842465,22.014511
842,2020,4,day14,28.637563,22.57554
843,2020,4,day15,26.967795,20.515523
844,2020,4,day16,25.975012,18.012549
845,2020,4,day17,29.435916,24.238979
846,2020,4,day18,27.018241,19.705083
847,2020,4,day19,28.194039,21.35908
848,2020,4,day2,28.42169,23.643069
849,2020,4,day20,26.798743,19.535748
850,2020,4,day21,27.210147,20.514921
851,2020,4,day22,30.879388,24.54458
852,2020,4,day23,29.780529,22.879232
853,2020,4,day24,29.128262,25.021673
854,2020,4,day25,27.847541,19.979258
855,2020,4,day26,29.697424,22.592776
856,2020,4,day27,28.465806,21.580206
857,2020,4,day28,28.50114,23.819091
858,2020,4,day29,28.774151,22.295208
859,2020,4,day3,28.319338,24.025211
860,2020,4,day30,30.047003,25.4559
861,2020,4,day31,29.084361,24.958079
862,2020,4,day4,28.025533,20.967917
863,2020,4,day5,26.678324,18.721961
864,2020,4,day6,29.082392,24.607148
865,2020,4,day7,30.850497,25.274882
866,2020,4,day8,29.769383,24.413042
867,2020,4,day9,30.633691,23.613831
868,2020,5,day1,29.617434,25.177852
869,2020,5,day10,24.967298,17.318801
870,2020,5,day11,25.982165,20.565017
871,2020,5,day12,28.560142,21.676444
872,2020,5,day13,27.788058,21.014805
873,2020,5,day14,27.588663,22.819606
874,2020,5,day15,25.407318,19.174971
875,2020,5,day16,25.277405,17.385763
876,2020,5,day17,25.713891,20.557874
877,2020,5,day18,25.17187,18.351917
878,2020,5,day19,25.830448,20.435235
879,2020,5,day2,24.041827,18.787058
880,2020,5,day20,29.530405,22.348784
881,2020,5,day21,25.568948,21.081452
882,2020,5,day22,27.987937,22.46916
883,2020,5,day23,29.809166,22.535657
884,2020,5,day24,29.655856,22.437393
885,2020,5,day25,25.670919,20.520398
886,2020,5,day26,28.213051,22.827597
887,2020,5,day27,26.58246,21.556684
888,2020,5,day28,26.802679,21.994407
889,2020,5,day29,27.159671,19.427575
890,2020,5,day3,24.836791,18.07479
891,2020,5,day30,28.105231,23.556139
892,2020,5,day31,27.622265,21.274943
893,2020,5,day4,26.390468,19.290578
894,2020,5,day5,29.451329,21.960058
895,2020,5,day6,28.343227,24.094102
896,2020,5,day7,24.756698,19.927331
897,2020,5,day8,25.8785,19.229593
898,2020,5,day9,27.081066,21.826056
899,2020,6,day1,22.454748,15.775412
900,2020,6,day10,22.927006,16.343415
901,2020,6,day11,26.447622,22.089779
902,2020,6,day12,24.4448,18.304191
903,2020,6,day13,25.338706,17.592029
904,2020,6,day14,26.479378,21.779119
905,2020,6,day15,26.29347,21.590315
906,2020,6,day16,26.517809,18.529122
907,2020,6,day17,23.381967,17.400432
908,2020,6,day18,26.619652,18.771127
909,2020,6,day19,26.556238,19.049266
910,2020,6,day2,24.186249,17.634471
911,2020,6,day20,21.055603,14.783756
912,2020,6,day21,21.643804,13.711829
913,2020,6,day22,22.70737,14.750972
914,2020,6,day23,24.259803,18.284153
915,2020,6,day24,26.631363,19.227124
916,2020,6,day25,23.808125,19.036879
917,2020,6,day26,21.675881,17.025904
918,2020,6,day27,23.753487,18.724427
919,2020,6,day28,22.117194,15.170723
920,2020,6,day29,25.744606,19.473481
921,2020,6,day3,21.314947,15.661741
922,2020,6,day30,25.543697,20.841717
923,2020,6,day31,26.136879,18.548708
924,2020,6,day4,25.304148,20.901969
925,2020,6,day5,25.624596,21.603871
926,2020,6,day6,24.302115,16.585717
927,2020,6,day7,23.441445,15.701316
928,2020,6,day8,26.270398,20.360604
929,2020,6,day9,22.196736,14.34108
930,2020,7,day1,21.961939,15.900816
931,2020,7,day10,17.709349,12.482124
932,2020,7,day11,19.4325,13.422418
933,2020,7,day12,22.37071,15.556482
934,2020,7,day13,18.865868,14.396205
935,2020,7,day14,22.496782,17.316632
936,2020,7,day15,20.687753,15.811238
937,2020,7,day16,17.801413,13.18867
938,2020,7,day17,21.486409,15.063453
939,2020,7,day18,19.495074,13.298136
940,2020,7,day19,19.824968,13.674898
941,2020,7,day2,17.520427,10.843403
942,2020,7,day20,20.984567,16.11092
943,2020,7,day21,18.484793,11.465834
944,2020,7,day22,22.23881,17.911329
945,2020,7,day23,19.680488,12.865423
946,2020,7,day24,17.468616,11.211941
947,2020,7,day25,17.370548,11.179951
948,2020,7,day26,20.032922,13.742116
949,2020,7,day27,17.899114,12.586644
950,2020,7,day28,20.122049,15.657089
951,2020,7,day29,18.232409,11.899818
952,2020,7,day3,18.108687,13.54624
953,2020,7,day30,17.54565,11.504148
954,2020,7,day31,21.852152,16.038423
955,2020,7,day4,18.94161,13.949422
956,2020,7,day5,18.564712,13.622627
957,2020,7,day6,21.52254,13.706401
958,2020,7,day7,18.811675,11.920145
959,2020,7,day8,17.068614,10.453881
960,2020,7,day9,21.156612,16.908114
961,2020,8,day1,16.079487,10.252293
962,2020,8,day10,15.453202,8.377313
963,2020,8,day11,17.594966,9.681633
964,2020,8,day12,16.875285,11.193837
965,2020,8,day13,18.95714,13.427221
966,2020,8,day14,18.217722,10.590652
967,2020,8,day15,15.253873,8.522952
968,2020,8,day16,16.970755,10.813554
969,2020,8,day17,16.921205,11.530125
970,2020,8,day18,14.070842,7.921808
971,2020,8,day19,16.173055,9.261623
972,2020,8,day2,13.346421,7.496907
973,2020,8,day20,14.336141,10.322248
974,2020,8,day21,13.136412,7.94296
975,2020,8,day22,17.040999,10.863218
976,2020,8,day23,16.191602,8.89816
977,2020,8,day24,14.485072,9.100433
978,2020,8,day25,14.653898,6.904257
979,2020,8,day26,17.350144,12.898765
980,2020,8,day27,17.856869,12.179907
981,2020,8,day28,17.596321,10.061294
982,2020,8,day29,13.093875,8.269548
983,2020,8,day3,17.841492,10.948372
984,2020,8,day30,13.60538,9.471075
985,2020,8,day31,16.586709,9.773564
986,2020,8,day4,15.375692,8.109879
987,2020,8,day5,17.474827,11.161582
988,2020,8,day6,13.271739,7.893623
989,2020,8,day7,13.382559,5.406065
990,2020,8,day8,18.607497,14.33142
991,2020,8,day9,18.602653,14.475714
992,2020,9,day1,10.363855,3.40169
993,2020,9,day10,11.398053,6.196049
994,2020,9,day11,10.437543,2.643462
995,2020,9,day12,15.35008,7.703769
996,2020,9,day13,13.827756,8.118953
997,2020,9,day14,13.045521,5.156361
998,2020,9,day15,15.721315,9.035945
999,2020,9,day16,14.786624,9.511687
1000,2020,9,day17,12.569745,7.972874
1001,2020,9,day18,12.330558,5.312894
1002,2020,9,day19,12.91291,5.515546
1003,2020,9,day2,12.485389,7.548032
1004,2020,9,day20,11.876215,5.045908
1005,2020,9,day21,14.906454,7.247489
1006,2020,9,day22,13.446112,5.574968
1007,2020,9,day23,13.415517,8.879146
1008,2020,9,day24,11.528948,6.715601
1009,2020,9,day25,13.952032,6.263127
1010,2020,9,day26,15.154597,10.784741
1011,2020,9,day27,14.419305,9.657379
1012,2020,9,day28,11.682566,4.987879
1013,2020,9,day29,13.689329,6.194847
1014,2020,9,day3,11.375412,3.920491
1015,2020,9,day30,11.200777,4.153991
1016,2020,9,day31,14.417628,8.182226
1017,2020,9,day4,10.410461,4.394878
1018,2020,9,day5,11.807377,4.544232
1019,2020,9,day6,14.460902,9.185287
1020,2020,9,day7,13.659303,6.969175
1021,2020,9,day8,11.995787,6.78873
1022,2020,9,day9,10.931359,4.29051
1023,2020,10,day1,11.876365,4.39847
1024,2020,10,day10,11.155557,6.109311
1025,2020,10,day11,12.076899,6.08779
1026,2020,10,day12,9.591649,1.666376
1027,2020,10,day13,11.816943,4.458018
1028,2020,10,day14,14.485983,9.003163
1029,2020,10,day15,11.483581,5.233482
1030,2020,10,day16,10.327645,5.743954
1031,2020,10,day17,10.564645,2.825612
1032,2020,10,day18,12.474858,6.804545
1033,2020,10,day19,9.914468,4.595007
1034,2020,10,day2,10.997786,3.169707
1035,2020,10,day20,11.279039,3.945588
1036,2020,10,day21,11.995809,5.377377
1037,2020,10,day22,13.10908,8.079773
1038,2020,10,day23,13.929552,6.063519
1039,2020,10,day24,12.850167,6.887784
1040,2020,10,day25,10.009402,2.8295
1041,2020,10,day26,10.015594,3.13434
1042,2020,10,day27,11.929898,4.2623
1043,2020,10,day28,12.252821,5.685583
1044,2020,10,day29,9.352392,5.217097
1045,2020,10,day3,9.092002,1.343363
1046,2020,10,day30,14.080184,6.299432
1047,2020,10,day31,13.009293,5.951938
1048,2020,10,day4,14.772465,10.303201
1049,2020,10,day5,14.997432,9.081749
1050,2020,10,day6,10.455559,4.037953
1051,2020,10,day7,10.227079,2.566573
1052,2020,10,day8,12.312476,5.21042
1053,2020,10,day9,11.28397,5.14937
1054,2020,11,day1,12.54615,5.175971
1055,2020,11,day10,10.174652,2.922023
1056,2020,11,day11,14.115994,6.891324
1057,2020,11,day12,15.530437,11.102371
1058,2020,11,day13,10.64968,6.05409
1059,2020,11,day14,11.223389,5.117565
1060,2020,11,day15,14.963083,9.893784
1061,2020,11,day16,12.453175,6.960969
1062,2020,11,day17,12.507961,6.247952
1063,2020,11,day18,16.013195,11.109766
1064,2020,11,day19,14.176047,6.784578
1065,2020,11,day2,11.460397,4.631719
1066,2020,11,day20,13.994211,6.561334
1067,2020,11,day21,14.629312,10.25531
1068,2020,11,day22,12.347381,6.136575
1069,2020,11,day23,10.408486,6.370686
1070,2020,11,day24,11.100098,5.100665
1071,2020,11,day25,12.675255,5.537749
1072,2020,11,day26,13.466937,6.035095
1073,2020,11,day27,10.643968,4.531331
1074,2020,11,day28,10.327107,5.481439
1075,2020,11,day29,15.280498,7.730281
1076,2020,11,day3,10.126646,4.103714
1077,2020,11,day30,12.924798,8.738551
1078,2020,11,day31,10.517885,2.815546
1079,2020,11,day4,12.311001,5.83966
1080,2020,11,day5,14.072325,7.606248
1081,2020,11,day6,12.971022,7.019604
1082,2020,11,day7,10.111471,3.904897
1083,2020,11,day8,10.142903,4.025232
1084,2020,11,day9,11.720241,3.810324
1085,2020,12,day1,18.39587,12.14183
1086,2020,12,day10,13.839704,5.885792
1087,2020,12,day11,17.344981,11.34181
1088,2020,12,day12,18.84594,14.631154
1089,2020,12,day13,15.62253,8.267831
1090,2020,12,day14,15.043556,7.967534
1091,2020,12,day15,18.72915,13.142338
1092,2020,12,day16,17.641329,13.522827
1093,2020,12,day17,14.639962,6.669619
1094,2020,12,day18,15.943621,10.520376
1095,2020,12,day19,18.646857,12.919465
1096,2020,12,day2,13.197411,5.482345
1097,2020,12,day20,17.078169,10.435482
1098,2020,12,day21,13.514165,7.039701
1099,2020,12,day22,17.788331,10.935897
1100,2020,12,day23,13.492228,8.875344
1101,2020,12,day24,17.270063,10.734459
1102,2020,12,day25,17.437932,12.171219
1103,2020,12,day26,13.639306,9.618525
1104,2020,12,day27,14.849605,9.409935
1105,2020,12,day28,14.618599,10.088571
1106,2020,12,day29,14.124351,8.328976
1107,2020,12,day3,14.886908,7.041031
1108,2020,12,day30,16.32844,10.696263
1109,2020,12,day31,13.157571,7.741914
1110,2020,12,day4,16.522217,9.513199
1111,2020,12,day5,17.276268,11.683084
1112,2020,12,day6,13.461625,8.811824
1113,2020,12,day7,14.442833,7.104231
1114,2020,12,day8,15.33494,7.748837
1115,2020,12,day9,14.990379,7.967942
1116,2021,1,day1,17.558386,11.16621
1117,2021,1,day10,19.526614,13.589689
1118,2021,1,day11,17.461528,12.454729
1119,2021,1,day12,18.47954,11.979406
1120,2021,1,day13,20.562838,15.780645
1121,2021,1,day14,17.641834,12.423202
1122,2021,1,day15,22.692941,17.364072
1123,2021,1,day16,20.721153,13.504847
1124,2021,1,day17,18.97725,13.638305
1125,2021,1,day18,21.892853,14.454819
1126,2021,1,day19,22.845352,18.300854
1127,2021,1,day2,18.946582,13.40563
1128,2021,1,day20,18.923991,11.134875
1129,2021,1,day21,18.205109,12.948376
1130,2021,1,day22,22.787448,14.912547
1131,2021,1,day23,18.748689,11.968858
1132,2021,1,day24,19.946044,13.642527
1133,2021,1,day25,18.454546,12.950325
1134,2021,1,day26,21.898967,16.327227
1135,2021,1,day27,17.683327,11.427925
1136,2021,1,day28,20.553362,14.370846
1137,2021,1,day29,21.090276,14.889879
1138,2021,1,day3,18.751084,13.199886
1139,2021,1,day30,22.718028,16.871539
1140,2021,1,day31,21.250202,15.496382
1141,2021,1,day4,17.508197,9.903653
1142,2021,1,day5,22.431245,14.518553
1143,2021,1,day6,20.431763,15.753431
1144,2021,1,day7,19.284392,14.729032
1145,2021,1,day8,18.806788,12.834292
1146,2021,1,day9,17.379603,11.640898
1147,2021,2,day1,22.747987,15.976646
1148,2021,2,day10,24.261871,17.098988
1149,2021,2,day11,23.157177,15.575171
1150,2021,2,day12,24.221436,17.668714
1151,2021,2,day13,21.509892,14.434075
1152,2021,2,day14,24.94561,19.525575
1153,2021,2,day15,24.881999,20.704812
1154,2021,2,day16,26.901649,20.191762
1155,2021,2,day17,23.397706,16.386975
1156,2021,2,day18,26.794301,21.072478
1157,2021,2,day19,21.063287,16.028333
1158,2021,2,day2,25.913793,18.731166
1159,2021,2,day20,24.064057,17.988866
1160,2021,2,day21,24.48311,18.182168
1161,2021,2,day22,23.674671,18.110135
1162,2021,2,day23,25.634053,19.279694
1163,2021,2,day24,24.002795,18.622925
1164,2021,2,day25,21.147376,16.729178
1165,2021,2,day26,23.495853,15.648941
1166,2021,2,day27,21.696416,13.933711
1167,2021,2,day28,21.850051,16.60249
1168,2021,2,day29,23.731996,18.904527
1169,2021,2,day3,23.45485,17.457637
1170,2021,2,day30,23.897556,17.992906
1171,2021,2,day31,23.628996,16.841943
1172,2021,2,day4,24.800016,19.831932
1173,2021,2,day5,24.951978,18.091032
1174,2021,2,day6,25.734461,21.4386
1175,2021,2,day7,26.944204,21.027265
1176,2021,2,day8,23.404831,17.37838
1177,2021,2,day9,26.522353,19.755518
1178,2021,3,day1,25.84166,20.640604
1179,2021,3,day10,26.52101,22.404241
1180,2021,3,day11,27.612845,22.823547
1181,2021,3,day12,27.481422,21.926079
1182,2021,3,day13,28.156617,23.333479
1183,2021,3,day14,28.442156,21.207237
1184,2021,3,day15,24.303586,19.896578
1185,2021,3,day16,29.160079,24.41224
1186,2021,3,day17,25.884113,20.053911
1187,2021,3,day18,25.502324,18.051777
1188,2021,3,day19,27.094493,20.538059
1189,2021,3,day2,28.789319,24.328978
1190,2021,3,day20,27.510028,21.064795
1191,2021,3,day21,27.450232,22.058533
1192,2021,3,day22,29.00131,22.531859
1193,2021,3,day23,28.810633,21.986679
1194,2021,3,day24,25.712872,19.254934
1195,2021,3,day25,24.436715,19.900924
1196,2021,3,day26,24.635373,19.413853
1197,2021,3,day27,25.02647,18.252724
1198,2021,3,day28,26.993152,21.320196
1199,2021,3,day29,24.755407,19.220567
1200,2021,3,day3,29.023283,22.431404
1201,2021,3,day30,25.042725,18.500719
1202,2021,3,day31,28.088801,21.50776
1203,2021,3,day4,27.991039,23.333623
1204,2021,3,day5,29.831606,24.855954
1205,2021,3,day6,24.974923,20.33438
1206,2021,3,day7,27.287297,19.453446
1207,2021,3,day8,25.319337,19.699147
1208,2021,3,day9,25.034914,18.472998
1209,2021,4,day1,30.999397,24.779747
1210,2021,4,day10,25.496024,21.372581
1211,2021,4,day11,29.56634,24.39798
1212,2021,4,day12,26.649118,20.498683
1213,2021,4,day13,26.009254,20.179968
1214,2021,4,day14,29.45511,22.391431
1215,2021,4,day15,28.298357,23.845513
1216,2021,4,day16,25.68524,18.584788
1217,2021,4,day17,29.939697,24.47225
1218,2021,4,day18,29.935666,25.769223
1219,2021,4,day19,29.313881,23.128468
1220,2021,4,day2,27.937852,23.376666
1221,2021,4,day20,30.938654,26.528989
1222,2021,4,day21,29.980424,22.975042
1223,2021,4,day22,26.786254,18.789003
1224,2021,4,day23,27.698394,22.304086
1225,2021,4,day24,29.900372,24.144092
1226,2021,4,day25,30.963746,23.86122
1227,2021,4,day26,26.421676,19.178865
1228,2021,4,day27,28.527543,23.12502
1229,2021,4,day28,29.264524,22.733441
1230,2021,4,day29,25.99589,21.43895
1231,2021,4,day3,26.88748,21.083476
1232,2021,4,day30,26.239718,21.411947
1233,2021,4,day31,25.356147,19.952885
1234,2021,4,day4,25.321668,19.885511
1235,2021,4,day5,25.057501,20.511362
1236,2021,4,day6,29.891296,22.035979
1237,2021,4,day7,28.032628,22.052749
1238,2021,4,day8,29.10818,23.445658
1239,2021,4,day9,30.039351,24.084553
1240,2021,5,day1,25.614713,19.459639
1241,2021,5,day10,28.196572,20.882645
1242,2021,5,day11,28.497045,21.792107
1243,2021,5,day12,26.864956,20.555253
1244,2021,5,day13,25.540506,19.883606
1245,2021,5,day14,26.640154,20.105643
1246,2021,5,day15,29.208954,24.836575
1247,2021,5,day16,27.021884,21.908981
1248,2021,5,day17,29.54622,24.069935
1249,2021,5,day18,29.629728,24.320571
1250,2021,5,day19,23.943042,16.846501
1251,2021,5,day2,25.870125,19.05391
1252,2021,5,day20,28.324547,21.40082
1253,2021,5,day21,26.678899,20.022323
1254,2021,5,day22,26.07754,21.824217
1255,2021,5,day23,27.13475,22.26343
1256,2021,5,day24,26.506062,21.658656
1257,2021,5,day25,25.539424,18.22605
1258,2021,5,day26,25.954734,19.643
1259,2021,5,day27,27.325056,21.383704
1260,2021,5,day28,25.990641,19.260433
1261,2021,5,day29,24.218659,19.82036
1262,2021,5,day3,25.664203,20.59483
1263,2021,5,day30,28.631542,22.793215
1264,2021,5,day31,24.673626,17.24302
1265,2021,5,day4,29.076304,21.134351
1266,2021,5,day5,28.003999,23.623098
1267,2021,5,day6,29.704835,22.562071
1268,2021,5,day7,29.440816,21.470871
1269,2021,5,day8,29.130489,24.622936
1270,2021,5,day9,29.124676,24.125967
1271,2021,6,day1,23.647716,19.645012
1272,2021,6,day10,22.404863,15.782922
1273,2021,6,day11,25.222188,21.217843
1274,2021,6,day12,23.86084,19.330041
1275,2021,6,day13,22.357145,15.637214
1276,2021,6,day14,21.055722,14.273333
1277,2021,6,day15,25.902654,17.950035
1278,2021,6,day16,23.533884,19.005183
1279,2021,6,day17,21.42497,15.89269
1280,2021,6,day18,25.38458,20.974872
1281,2021,6,day19,22.880109,15.356153
1282,2021,6,day2,26.748191,21.938918
1283,2021,6,day20,21.822776,14.728934
1284,2021,6,day21,25.518947,20.986362
1285,2021,6,day22,26.957641,22.386229
1286,2021,6,day23,24.18305,20.149151
1287,2021,6,day24,24.900121,19.139724
1288,2021,6,day25,25.334592,18.822272
1289,2021,6,day26,21.908245,16.261405
1290,2021,6,day27,25.119397,17.679547
1291,2021,6,day28,21.520128,17.118268
1292,2021,6,day29,25.514674,19.156378
1293,2021,6,day3,25.131551,20.603899
1294,2021,6,day30,23.304191,15.451197
1295,2021,6,day31,22.887022,18.327701
1296,2021,6,day4,24.899983,20.264073
1297,2021,6,day5,26.596353,21.500276
1298,2021,6,day6,24.927528,19.925971
1299,2021,6,day7,23.231063,15.615862
1300,2021,6,day8,21.99315,16.407784
1301,2021,6,day9,22.833055,16.03529
1302,2021,7,day1,18.661806,14.324811
1303,2021,7,day10,17.676462,11.678132
1304,2021,7,day11,20.563579,14.450433
1305,2021,7,day12,22.866182,14.918652
1306,2021,7,day13,22.603546,18.075615
1307,2021,7,day14,22.164884,15.891362
1308,2021,7,day15,19.192475,12.460707
1309,2021,7,day16,21.576356,13.758544
1310,2021,7,day17,21.622202,17.555445
1311,2021,7,day18,17.405195,12.356454
1312,2021,7,day19,17.238961,12.997086
1313,2021,7,day2,20.32038,13.920348
1314,2021,7,day20,21.73574,15.709298
1315,2021,7,day21,20.771424,14.767228
1316,2021,7,day22,19.492592,12.685349
1317,2021,7,day23,17.494567,11.348308
1318,2021,7,day24,20.696282,15.586411
1319,2021,7,day25,18.859441,12.814223
1320,2021,7,day26,18.219185,10.986945
1321,2021,7,day27,20.218341,14.655415
1322,2021,7,day28,20.805765,13.46766
1323,2021,7,day29,21.086334,16.821874
1324,2021,7,day3,20.645559,13.52968
1325,2021,7,day30,21.192055,14.272222
1326,2021,7,day31,22.078809,17.847185
1327,2021,7,day4,21.142856,13.751288
1328,2021,7,day5,20.950432,15.743835
1329,2021,7,day6,20.106495,14.068405
1330,2021,7,day7,21.487062,16.304894
1331,2021,7,day8,17.327415,9.735765
1332,2021,7,day9,22.728029,16.748478
1333,2021,8,day1,13.517277,7.779342
1334,2021,8,day10,14.612587,7.066928
1335,2021,8,day11,17.628582,13.511157
1336,2021,8,day12,17.842647,12.754725
1337,2021,8,day13,13.383232,6.533939
1338,2021,8,day14,16.45991,12.15163
1339,2021,8,day15,15.731187,10.290691
1340,2021,8,day16,15.99766,9.730116
1341,2021,8,day17,15.206127,10.185662
1342,2021,8,day18,13.617429,7.32178
1343,2021,8,day19,17.33667,12.423053
1344,2021,8,day2,15.720231,9.284901
1345,2021,8,day20,16.052949,11.876798
1346,2021,8,day21,18.177571,13.199365
1347,2021,8,day22,15.830588,10.29867
1348,2021,8,day23,13.900508,6.175868
1349,2021,8,day24,18.144911,11.933452
1350,2021,8,day25,18.483686,11.521023
1351,2021,8,day26,15.516216,10.229008
1352,2021,8,day27,15.49754,8.616388
1353,2021,8,day28,14.627548,10.315999
1354,2021,8,day29,15.236849,9.228685
1355,2021,8,day3,14.85574,7.888966
1356,2021,8,day30,18.411646,13.694269
1357,2021,8,day31,17.826028,9.900373
1358,2021,8,day4,17.443949,12.966177
1359,2021,8,day5,17.247404,10.441405
1360,2021,8,day6,13.982996,6.170931
1361,2021,8,day7,16.138032,9.006084
1362,2021,8,day8,17.324593,12.656741
1363,2021,8,day9,13.761584,6.637088
1364,2021,9,day1,15.796273,11.520567
1365,2021,9,day10,14.63469,9.654183
1366,2021,9,day11,10.110064,4.46992
1367,2021,9,day12,11.469783,6.084088
1368,2021,9,day13,15.109241,7.600446
1369,2021,9,day14,15.777738,11.77189
1370,2021,9,day15,14.01562,6.619596
1371,2021,9,day16,14.435087,10.019291
1372,2021,9,day17,13.250684,8.298013
1373,2021,9,day18,13.02397,8.78439
1374,2021,9,day19,16.053552,9.206942
1375,2021,9,day2,12.862362,7.733134
1376,2021,9,day20,10.629957,2.944859
1377,2021,9,day21,15.455522,9.376485
1378,2021,9,day22,14.276878,8.78691
1379,2021,9,day23,15.919126,11.579516
1380,2021,9,day24,10.645259,6.111203
1381,2021,9,day25,14.991574,10.692252
1382,2021,9,day26,13.478721,7.73879
1383,2021,9,day27,15.857106,10.910019
1384,2021,9,day28,11.637742,6.377707
1385,2021,9,day29,14.876698,8.073795
1386,2021,9,day3,15.140876,9.831672
1387,2021,9,day30,14.483914,9.211683
1388,2021,9,day31,11.703532,7.404782
1389,2021,9,day4,13.390345,9.358468
1390,2021,9,day5,11.275824,5.020597
1391,2021,9,day6,11.895253,5.404383
1392,2021,9,day7,12.855357,6.488593
1393,2021,9,day8,13.031961,5.941508
1394,2021,9,day9,11.244331,3.642558
1395,2021,10,day1,10.216276,3.096528
1396,2021,10,day10,14.015549,8.704374
1397,2021,10,day11,9.547277,4.554402
1398,2021,10,day12,11.134457,5.080618
1399,2021,10,day13,13.0631,8.022433
1400,2021,10,day14,14.94406,10.819731
1401,2021,10,day15,11.426353,5.617549
1402,2021,10,day16,13.488471,8.48906
1403,2021,10,day17,11.772259,4.556672
1404,2021,10,day18,9.838758,5.790931
1405,2021,10,day19,13.982234,6.051965
1406,2021,10,day2,12.508248,7.886606
1407,2021,10,day20,9.784291,2.489598
1408,2021,10,day21,11.233438,4.712248
1409,2021,10,day22,12.86811,6.538815
1410,2021,10,day23,10.552924,3.301936
1411,2021,10,day24,9.130801,4.872913
1412,2021,10,day25,14.414976,8.641251
1413,2021,10,day26,9.772749,2.152437
1414,2021,10,day27,13.976137,8.649937
1415,2021,10,day28,9.256178,3.412198
1416,2021,10,day29,10.007935,3.712398
1417,2021,10,day3,9.98625,4.122029
1418,2021,10,day30,13.930112,8.350118
1419,2021,10,day31,9.176894,2.444042
1420,2021,10,day4,11.439075,5.295377
1421,2021,10,day5,14.787808,9.957263
1422,2021,10,day6,10.849846,5.789815
1423,2021,10,day7,9.719481,5.08902
1424,2021,10,day8,13.116329,5.810782
1425,2021,10,day9,13.181268,9.019949
1426,2021,11,day1,11.10864,6.249776
1427,2021,11,day10,14.884805,7.70542
1428,2021,11,day11,16.008218,8.880555
1429,2021,11,day12,12.226469,6.048398
1430,2021,11,day13,12.979874,5.329166
1431,2021,11,day14,13.086156,7.532631
1432,2021,11,day15,11.150692,5.875182
1433,2021,11,day16,11.385918,3.802859
1434,2021,11,day17,14.743026,10.508662
1435,2021,11,day18,16.020985,9.903256
1436,2021,11,day19,14.67285,6.674427
1437,2021,11,day2,11.194703,6.075285
1438,2021,11,day20,15.915676,11.515139
1439,2021,11,day21,14.012983,8.946875
1440,2021,11,day22,14.969508,7.30047
1441,2021,11,day23,10.407249,2.421681
1442,2021,11,day24,11.388266,4.002246
1443,2021,11,day25,14.856141,9.436922
1444,2021,11,day26,15.10713,7.726247
1445,2021,11,day27,11.128399,4.758321
1446,2021,11,day28,14.909058,8.118552
1447,2021,11,day29,15.555677,11.442851
1448,2021,11,day3,15.37234,11.233742
1449,2021,11,day30,14.275162,6.484927
1450,2021,11,day31,13.453436,7.201
1451,2021,11,day4,13.786856,8.803717
1452,2021,11,day5,11.842428,6.194459
1453,2021,11,day6,13.375929,9.132012
1454,2021,11,day7,11.750453,7.201509
1455,2021,11,day8,11.268544,3.729934
1456,2021,11,day9,13.226681,6.703664
1457,2021,12,day1,14.129402,6.177377
1458,2021,12,day10,13.131477,6.785041
1459,2021,12,day11,18.503345,11.405879
1460,2021,12,day12,18.078885,10.636207
1461,2021,12,day13,18.763353,13.268989
1462,2021,12,day14,18.651539,13.069157
1463,2021,12,day15,13.606193,8.399132
1464,2021,12,day16,13.81871,9.188694
1465,2021,12,day17,18.692161,11.524791
1466,2021,12,day18,18.763973,12.167252
1467,2021,12,day19,14.045216,6.170244
1468,2021,12,day2,18.289758,12.320851
1469,2021,12,day20,17.161362,9.445982
1470,2021,12,day21,17.721951,12.829002
1471,2021,12,day22,16.533701,11.832294
1472,2021,12,day23,14.840939,8.086946
1473,2021,12,day24,13.76409,6.848766
1474,2021,12,day25,18.692729,10.897936
1475,2021,12,day26,15.349609,7.372476
1476,2021,12,day27,18.791104,14.661573
1477,2021,12,day28,16.614332,8.930179
1478,2021,12,day29,18.80519,13.921609
1479,2021,12,day3,14.854318,8.892573
1480,2021,12,day30,16.393301,8.64655
1481,2021,12,day31,13.84386,6.862487
1482,2021,12,day4,13.541544,8.611051
1483,2021,12,day5,14.312854,8.20706
1484,2021,12,day6,13.004101,5.332516
1485,2021,12,day7,14.208786,9.686828
1486,2021,12,day8,17.301626,9.626503
1487,2021,12,day9,18.065705,12.771349
1488,2022,1,day1,18.427976,10.498457
1489,2022,1,day10,22.307312,16.334984
1490,2022,1,day11,19.272275,13.08818
1491,2022,1,day12,17.608571,11.690614
1492,2022,1,day13,22.184304,15.580426
1493,2022,1,day14,21.122962,16.472336
1494,2022,1,day15,17.442256,10.059206
1495,2022,1,day16,18.769452,13.494584
1496,2022,1,day17,22.709973,18.413171
1497,2022,1,day18,18.020631,12.5188
1498,2022,1,day19,21.391911,15.203725
1499,2022,1,day2,18.007325,10.466043
1500,2022,1,day20,22.388745,18.016326
1501,2022,1,day21,20.564183,14.109604
1502,2022,1,day22,19.896421,15.772448
1503,2022,1,day23,22.654654,17.994665
1504,2022,1,day24,22.33852,17.710105
1505,2022,1,day25,17.607547,12.785345
1506,2022,1,day26,18.139906,11.351119
1507,2022,1,day27,21.332229,14.412333
1508,2022,1,day28,18.591589,13.465496
1509,2022,1,day29,18.42529,14.226748
1510,2022,1,day3,17.532356,10.696493
1511,2022,1,day30,20.430619,13.071201
1512,2022,1,day31,17.92154,12.478224
1513,2022,1,day4,20.834616,13.288002
1514,2022,1,day5,19.67978,14.61893
1515,2022,1,day6,18.497245,14.226066
1516,2022,1,day7,18.539948,14.107809
1517,2022,1,day8,17.007687,11.463939
1518,2022,1,day9,21.395507,13.5191
1519,2022,2,day1,23.565636,18.387438
1520,2022,2,day10,23.21641,17.433309
1521,2022,2,day11,22.579776,16.719544
1522,2022,2,day12,22.357454,17.283206
1523,2022,2,day13,21.369836,14.360896
1524,2022,2,day14,25.004811,20.661982
1525,2022,2,day15,23.062748,16.896952
1526,2022,2,day16,26.824233,20.465327
1527,2022,2,day17,24.321611,16.958423
1528,2022,2,day18,25.910431,20.235903
1529,2022,2,day19,24.213086,16.74551
1530,2022,2,day2,24.972121,18.571259
1531,2022,2,day20,23.848946,16.322331
1532,2022,2,day21,23.857574,19.541753
1533,2022,2,day22,26.416663,19.55944
1534,2022,2,day23,24.012609,16.410789
1535,2022,2,day24,25.802702,19.092562
1536,2022,2,day25,24.721639,20.240511
1537,2022,2,day26,25.543133,20.851617
1538,2022,2,day27,26.906208,19.017548
1539,2022,2,day28,25.850764,21.34602
1540,2022,2,day29,23.540249,15.58713
1541,2022,2,day3,22.198049,18.095106
1542,2022,2,day30,23.612359,15.623283
1543,2022,2,day31,24.763357,17.426925
1544,2022,2,day4,22.024993,16.857747
1545,2022,2,day5,21.491617,14.11654
1546,2022,2,day6,22.85012,17.260251
1547,2022,2,day7,23.934581,17.290421
1548,2022,2,day8,21.546821,15.370317
1549,2022,2,day9,22.109287,14.567317
1550,2022,3,day1,25.475521,17.832303
1551,2022,3,day10,29.566103,21.86639
1552,2022,3,day11,27.304306,22.900344
1553,2022,3,day12,25.64476,19.502226
1554,2022,3,day13,25.991418,20.347858
1555,2022,3,day14,26.226464,20.284125
1556,2022,3,day15,27.581976,23.432113
1557,2022,3,day16,25.580688,21.005277
1558,2022,3,day17,27.580135,20.80549
1559,2022,3,day18,24.160898,16.602602
1560,2022,3,day19,25.917168,20.966851
1561,2022,3,day2,29.413247,25.145199
1562,2022,3,day20,28.402702,20.719362
1563,2022,3,day21,29.310391,25.22946
1564,2022,3,day22,28.832519,23.620299
1565,2022,3,day23,25.610283,19.643806
1566,2022,3,day24,28.1053,23.712431
1567,2022,3,day25,29.141603,24.604061
1568,2022,3,day26,29.77352,24.001077
1569,2022,3,day27,28.883143,23.805463
1570,2022,3,day28,26.42884,19.84662
1571,2022,3,day29,25.055817,20.210255
1572,2022,3,day3,26.256798,20.667378
1573,2022,3,day30,28.87202,21.908241
1574,2022,3,day31,28.485163,21.016407
1575,2022,3,day4,25.884964,20.780161
1576,2022,3,day5,26.677146,19.183281
1577,2022,3,day6,28.647507,22.155275
1578,2022,3,day7,27.063575,21.3852
1579,2022,3,day8,26.414858,21.822059
1580,2022,3,day9,27.455808,20.422298
1581,2022,4,day1,29.926104,23.865026
1582,2022,4,day10,28.030758,21.489119
1583,2022,4,day11,25.743237,21.620984
1584,2022,4,day12,27.234801,20.858626
1585,2022,4,day13,26.065502,18.583579
1586,2022,4,day14,28.521281,23.122242
1587,2022,4,day15,25.981082,18.403114
1588,2022,4,day16,29.493767,22.738365
1589,2022,4,day17,26.710416,21.164154
1590,2022,4,day18,25.977444,19.688412
1591,2022,4,day19,30.789506,23.361061
1592,2022,4,day2,25.953835,20.709342
1593,2022,4,day20,28.884279,22.173498
1594,2022,4,day21,26.614501,20.976473
1595,2022,4,day22,25.120314,17.999099
1596,2022,4,day23,29.605436,25.569844
1597,2022,4,day24,30.469093,23.879606
1598,2022,4,day25,28.606852,24.572997
1599,2022,4,day26,26.514343,19.294
1600,2022,4,day27,26.832758,18.96466
1601,2022,4,day28,28.856442,23.161215
1602,2022,4,day29,27.258853,21.864016
1603,2022,4,day3,28.040772,23.498172
1604,2022,4,day30,26.511992,20.6452
1605,2022,4,day31,29.063177,21.765934
1606,2022,4,day4,30.107772,22.590442
1607,2022,4,day5,25.173689,20.402635
1608,2022,4,day6,29.99758,22.649673
1609,2022,4,day7,26.496942,20.671147
1610,2022,4,day8,30.508186,23.689651
1611,2022,4,day9,26.643865,19.34984
1612,2022,5,day1,26.311118,21.90187
1613,2022,5,day10,24.827779,17.765881
1614,2022,5,day11,29.326325,22.104606
1615,2022,5,day12,28.742386,22.342252
1616,2022,5,day13,27.891385,21.168362
1617,2022,5,day14,28.255902,21.6343
1618,2022,5,day15,29.913018,24.875313
1619,2022,5,day16,26.439597,20.886498
1620,2022,5,day17,24.140117,17.307841
1621,2022,5,day18,27.360458,22.600797
1622,2022,5,day19,28.287502,23.39805
1623,2022,5,day2,26.997286,20.347864
1624,2022,5,day20,27.136014,19.996426
1625,2022,5,day21,29.367362,22.679888
1626,2022,5,day22,26.972092,19.590415
1627,2022,5,day23,28.972035,21.466056
1628,2022,5,day24,25.015018,20.624606
1629,2022,5,day25,24.695868,19.661261
1630,2022,5,day26,28.778266,21.726594
1631,2022,5,day27,25.026613,18.307764
1632,2022,5,day28,25.941998,21.584799
1633,2022,5,day29,26.059904,19.083064
1634,2022,5,day3,28.987907,23.490988
1635,2022,5,day30,25.770715,18.618353
1636,2022,5,day31,25.916106,20.873869
1637,2022,5,day4,27.812256,21.376056
1638,2022,5,day5,25.719059,21.286641
1639,2022,5,day6,24.311226,16.357782
1640,2022,5,day7,27.771772,20.325805
1641,2022,5,day8,25.495085,18.65071
1642,2022,5,day9,29.282446,24.087282
1643,2022,6,day1,22.764307,15.359451
1644,2022,6,day10,26.439726,20.60944
1645,2022,6,day11,22.898301,16.035627
1646,2022,6,day12,25.673647,19.723324
1647,2022,6,day13,24.786197,20.0789
1648,2022,6,day14,24.806994,20.78814
1649,2022,6,day15,22.641167,15.596394
1650,2022,6,day16,22.011635,14.9537
1651,2022,6,day17,23.937463,16.883186
1652,2022,6,day18,21.528248,15.070329
1653,2022,6,day19,24.800925,19.187351
1654,2022,6,day2,23.823219,16.357646
1655,2022,6,day20,26.791967,21.258701
1656,2022,6,day21,21.226352,16.428695
1657,2022,6,day22,23.238608,19.1823
1658,2022,6,day23,22.933279,15.600364
1659,2022,6,day24,22.14346,15.436468
1660,2022,6,day25,24.760122,19.764829
1661,2022,6,day26,25.161148,19.783749
1662,2022,6,day27,21.773585,16.239383
1663,2022,6,day28,24.532024,19.863943
1664,2022,6,day29,25.943063,20.750254
1665,2022,6,day3,24.501448,16.724244
1666,2022,6,day30,22.744967,15.833639
1667,2022,6,day31,24.57822,19.226879
1668,2022,6,day4,21.427294,13.86959
1669,2022,6,day5,24.002864,16.532873
1670,2022,6,day6,23.290015,18.096592
1671,2022,6,day7,21.324372,13.907413
1672,2022,6,day8,21.824192,17.023005
1673,2022,6,day9,23.455151,17.177537
1674,2022,7,day1,22.327844,14.345955
1675,2022,7,day10,22.259265,17.236108
1676,2022,7,day11,20.208401,16.014053
1677,2022,7,day12,22.968081,16.320202
1678,2022,7,day13,20.921406,16.842439
1679,2022,7,day14,21.138498,15.471396
1680,2022,7,day15,19.281523,13.092393
1681,2022,7,day16,19.846378,15.23387
1682,2022,7,day17,21.171152,14.649907
1683,2022,7,day18,18.806699,12.16004
1684,2022,7,day19,20.974898,15.894989
1685,2022,7,day2,19.056397,11.450862
1686,2022,7,day20,20.633806,16.085152
1687,2022,7,day21,21.983916,17.564259
1688,2022,7,day22,21.312597,16.841659
1689,2022,7,day23,17.684075,13.25902
1690,2022,7,day24,18.19188,13.392882
1691,2022,7,day25,18.577963,12.485379
1692,2022,7,day26,18.210039,11.396292
1693,2022,7,day27,18.772107,14.614484
1694,2022,7,day28,19.978128,15.147352
1695,2022,7,day29,22.598746,17.276332
1696,2022,7,day3,19.155505,14.401801
1697,2022,7,day30,17.016428,10.329895
1698,2022,7,day31,22.44128,15.100352
1699,2022,7,day4,22.688506,15.015684
1700,2022,7,day5,19.42035,14.506677
1701,2022,7,day6,21.363013,16.83819
1702,2022,7,day7,21.40446,15.045688
1703,2022,7,day8,18.013908,12.547543
1704,2022,7,day9,20.903242,16.753789
1705,2022,8,day1,17.014132,12.417554
1706,2022,8,day10,13.569991,6.537175
1707,2022,8,day11,13.275335,5.86734
1708,2022,8,day12,16.98013,12.298081
1709,2022,8,day13,15.145164,9.394306
1710,2022,8,day14,16.730842,9.21694
1711,2022,8,day15,13.557708,6.297851
1712,2022,8,day16,14.097217,8.494106
1713,2022,8,day17,18.77386,13.686527
1714,2022,8,day18,15.314293,7.911607
1715,2022,8,day19,17.799395,11.204009
1716,2022,8,day2,13.540496,7.493675
1717,2022,8,day20,17.781457,13.329231
1718,2022,8,day21,17.177019,12.942434
1719,2022,8,day22,18.654802,14.01722
1720,2022,8,day23,15.496166,9.133165
1721,2022,8,day24,17.813589,11.100016
1722,2022,8,day25,14.087563,8.56856
1723,2022,8,day26,15.151593,11.036329
1724,2022,8,day27,17.106785,9.752639
1725,2022,8,day28,18.840667,14.318046
1726,2022,8,day29,18.522388,14.070638
1727,2022,8,day3,17.341382,12.93622
1728,2022,8,day30,15.467706,11.283816
1729,2022,8,day31,14.569677,9.312725
1730,2022,8,day4,14.535353,9.610711
1731,2022,8,day5,18.931996,13.747907
1732,2022,8,day6,15.785664,11.386428
1733,2022,8,day7,14.048211,9.890433
1734,2022,8,day8,14.743403,7.537019
1735,2022,8,day9,14.876243,7.922082
1736,2022,9,day1,14.299206,7.58749
1737,2022,9,day10,15.998547,11.780282
1738,2022,9,day11,13.932189,9.30448
1739,2022,9,day12,15.16487,7.757386
1740,2022,9,day13,15.288291,10.98883
1741,2022,9,day14,13.021685,8.058117
1742,2022,9,day15,15.892667,11.691264
1743,2022,9,day16,11.408036,4.834767
1744,2022,9,day17,12.491459,7.551459
1745,2022,9,day18,12.826364,5.621319
1746,2022,9,day19,12.760388,5.334031
1747,2022,9,day2,14.676969,8.370373
1748,2022,9,day20,12.754205,8.279378
1749,2022,9,day21,13.056037,6.442545
1750,2022,9,day22,10.687657,5.038303
1751,2022,9,day23,13.414583,9.413904
1752,2022,9,day24,10.61717,4.200357
1753,2022,9,day25,13.786194,8.567802
1754,2022,9,day26,13.121823,8.294418
1755,2022,9,day27,14.100643,6.299222
1756,2022,9,day28,12.251852,8.034751
1757,2022,9,day29,11.409305,5.591466
1758,2022,9,day3,13.46187,5.550288
1759,2022,9,day30,13.432702,6.95367
1760,2022,9,day31,12.910599,6.28193
1761,2022,9,day4,14.090863,8.73766
1762,2022,9,day5,13.210416,6.408095
1763,2022,9,day6,10.64325,3.996397
1764,2022,9,day7,11.563259,6.180261
1765,2022,9,day8,14.12957,8.590064
1766,2022,9,day9,15.105995,8.872618
1767,2022,10,day1,13.295481,8.839388
1768,2022,10,day10,14.581298,9.009712
1769,2022,10,day11,11.742276,4.616594
1770,2022,10,day12,13.300727,8.869664
1771,2022,10,day13,11.486822,3.780316
1772,2022,10,day14,14.024797,7.669553
1773,2022,10,day15,13.632871,7.830853
1774,2022,10,day16,12.95074,5.125979
1775,2022,10,day17,9.807816,3.812502
1776,2022,10,day18,12.182186,7.9879
1777,2022,10,day19,14.61185,7.256585
1778,2022,10,day2,13.55592,8.668931
1779,2022,10,day20,11.897592,5.86426
1780,2022,10,day21,14.526974,9.818164
1781,2022,10,day22,12.471326,5.549348
1782,2022,10,day23,9.770291,4.220668
1783,2022,10,day24,12.603276,5.072493
1784,2022,10,day25,12.024661,6.48601
1785,2022,10,day26,14.877005,7.213364
1786,2022,10,day27,13.574248,8.479864
1787,2022,10,day28,14.781561,6.899595
1788,2022,10,day29,11.717074,7.183587
1789,2022,10,day3,11.048143,3.728607
1790,2022,10,day30,11.476473,4.676416
1791,2022,10,day31,13.490561,8.294909
1792,2022,10,day4,14.786602,9.618668
1793,2022,10,day5,12.131911,5.323526
1794,2022,10,day6,9.274669,4.618047
1795,2022,10,day7,9.842695,2.975271
1796,2022,10,day8,13.329355,8.901509
1797,2022,10,day9,12.665111,7.914937
1798,2022,11,day1,14.280763,6.837932
1799,2022,11,day10,12.954016,6.671464
1800,2022,11,day11,14.07474,8.404828
1801,2022,11,day12,14.559009,7.193452
1802,2022,11,day13,11.787365,4.39816
1803,2022,11,day14,14.921625,8.830706
1804,2022,11,day15,10.22343,5.642123
1805,2022,11,day16,14.093322,9.293712
1806,2022,11,day17,14.572907,9.929165
1807,2022,11,day18,11.79149,6.789246
1808,2022,11,day19,15.108088,8.345708
1809,2022,11,day2,14.343043,6.600995
1810,2022,11,day20,11.84264,4.828264
1811,2022,11,day21,10.265635,3.00953
1812,2022,11,day22,10.686677,3.214535
1813,2022,11,day23,14.508752,7.049386
1814,2022,11,day24,14.526273,8.281191
1815,2022,11,day25,11.49737,4.360141
1816,2022,11,day26,14.864727,9.714173
1817,2022,11,day27,14.058758,6.352819
1818,2022,11,day28,12.397125,4.570317
1819,2022,11,day29,15.926733,10.676117
1820,2022,11,day3,13.867296,9.06374
1821,2022,11,day30,13.384544,9.332683
1822,2022,11,day31,11.579844,5.097597
1823,2022,11,day4,13.816802,8.654484
1824,2022,11,day5,12.143558,5.454063
1825,2022,11,day6,15.95981,9.359464
1826,2022,11,day7,15.821755,9.806182
1827,2022,11,day8,14.237669,8.948143
1828,2022,11,day9,10.764228,5.355277
1829,2022,12,day1,17.685549,10.205077
1830,2022,12,day10,15.571047,9.344652
1831,2022,12,day11,13.780399,7.444455
1832,2022,12,day12,14.530097,9.207846
1833,2022,12,day13,17.258136,12.638913
1834,2022,12,day14,13.92222,8.6317
1835,2022,12,day15,13.305133,5.575605
1836,2022,12,day16,16.693652,10.046091
1837,2022,12,day17,15.943306,9.652598
1838,2022,12,day18,15.148514,8.012388
1839,2022,12,day19,14.907154,10.027306
1840,2022,12,day2,17.979901,10.333955
1841,2022,12,day20,14.103215,9.830509
1842,2022,12,day21,16.030842,10.367117
1843,2022,12,day22,16.222216,11.854433
1844,2022,12,day23,14.327188,9.473773
1845,2022,12,day24,14.991301,9.54811
1846,2022,12,day25,14.310672,7.300049
1847,2022,12,day26,16.182993,8.196469
1848,2022,12,day27,17.94213,10.017598
1849,2022,12,day28,13.052822,6.377068
1850,2022,12,day29,15.674003,8.056018
1851,2022,12,day3,17.227774,10.637245
1852,2022,12,day30,16.682207,10.19768
1853,2022,12,day31,18.753381,12.023175
1854,2022,12,day4,17.530646,11.344186
1855,2022,12,day5,16.620322,9.515735
1856,2022,12,day6,18.785739,13.609028
1857,2022,12,day7,14.064555,7.33392
1858,2022,12,day8,14.121859,9.426679
1859,2022,12,day9,16.083081,10.574288
1860,2023,1,day1,18.925622,11.261892
1861,2023,1,day10,20.227849,16.198527
1862,2023,1,day11,17.392831,10.71149
1863,2023,1,day12,21.641494,14.18169
1864,2023,1,day13,19.545257,15.129549
1865,2023,1,day14,20.226525,13.415554
1866,2023,1,day15,22.857344,15.756517
1867,2023,1,day16,20.879367,13.120363
1868,2023,1,day17,21.481345,16.866327
1869,2023,1,day18,19.755351,14.42849
1870,2023,1,day19,17.525125,13.308053
1871,2023,1,day2,22.669926,17.126422
1872,2023,1,day20,21.765289,15.532952
1873,2023,1,day21,20.449774,15.539191
1874,2023,1,day22,18.551888,12.999757
1875,2023,1,day23,20.781304,15.049203
1876,2023,1,day24,17.101346,10.408151
1877,2023,1,day25,20.209006,13.643315
1878,2023,1,day26,20.710096,13.686254
1879,2023,1,day27,20.513648,13.71012
1880,2023,1,day28,17.435537,9.723346
1881,2023,1,day29,17.636813,10.489246
1882,2023,1,day3,20.241424,15.110108
1883,2023,1,day30,18.808104,14.462083
1884,2023,1,day31,21.591645,15.840941
1885,2023,1,day4,22.468016,15.179579
1886,2023,1,day5,19.249748,12.038481
1887,2023,1,day6,19.673341,15.497935
1888,2023,1,day7,22.38969,17.61964
1889,2023,1,day8,20.083368,12.290521
1890,2023,1,day9,18.004369,10.179264
1891,2023,2,day1,23.37068,16.727787
1892,2023,2,day10,21.739411,17.719292
1893,2023,2,day11,24.579929,18.431321
1894,2023,2,day12,26.681876,21.463112
1895,2023,2,day13,25.48978,17.875594
1896,2023,2,day14,23.06311,17.412492
1897,2023,2,day15,24.875589,18.825378
1898,2023,2,day16,21.965726,17.082574
1899,2023,2,day17,26.00849,21.231185
1900,2023,2,day18,22.088148,14.889508
1901,2023,2,day19,26.113507,18.707956
1902,2023,2,day2,23.843926,17.710055
1903,2023,2,day20,26.594219,18.616967
1904,2023,2,day21,23.767591,17.568933
1905,2023,2,day22,22.743916,18.474465
1906,2023,2,day23,21.589214,14.686857
1907,2023,2,day24,23.923142,18.599739
1908,2023,2,day25,21.769291,15.147399
1909,2023,2,day26,21.60027,15.122207
1910,2023,2,day27,26.400712,21.129568
1911,2023,2,day28,23.703876,17.238506
1912,2023,2,day29,22.834053,16.497373
1913,2023,2,day3,21.818289,16.254319
1914,2023,2,day30,24.393312,18.935338
1915,2023,2,day31,22.897999,17.184769
1916,2023,2,day4,25.784908,19.60201
1917,2023,2,day5,26.760806,22.184503
1918,2023,2,day6,25.063734,17.407059
1919,2023,2,day7,25.770103,18.852804
1920,2023,2,day8,23.238783,15.440923
1921,2023,2,day9,24.321145,18.100866
1922,2023,3,day1,23.957195,18.972494
1923,2023,3,day10,27.159911,22.106973
1924,2023,3,day11,29.246218,24.940369
1925,2023,3,day12,24.380603,20.306082
1926,2023,3,day13,26.971273,22.846496
1927,2023,3,day14,27.419546,21.799008
1928,2023,3,day15,27.468421,19.843207
1929,2023,3,day16,27.237767,21.06389
1930,2023,3,day17,29.920572,24.032156
1931,2023,3,day18,28.579387,23.116112
1932,2023,3,day19,25.268043,18.179464
1933,2023,3,day2,25.257357,18.298093
1934,2023,3,day20,28.327564,23.163568
1935,2023,3,day21,26.71641,20.674762
1936,2023,3,day22,26.308914,20.300245
1937,2023,3,day23,27.904274,20.512347
1938,2023,3,day24,28.767444,22.3113
1939,2023,3,day25,24.923265,18.866718
1940,2023,3,day26,26.605526,21.888945
1941,2023,3,day27,29.620474,22.982821
1942,2023,3,day28,29.734617,22.790937
1943,2023,3,day29,26.829224,21.394042
1944,2023,3,day3,26.544948,19.184507
1945,2023,3,day30,25.241118,19.290549
1946,2023,3,day31,24.30537,18.827629
1947,2023,3,day4,24.734038,17.802147
1948,2023,3,day5,29.195518,23.344125
1949,2023,3,day6,26.080653,20.858766
1950,2023,3,day7,27.238234,22.535154
1951,2023,3,day8,27.567969,20.200797
1952,2023,3,day9,29.080485,24.520478
1953,2023,4,day1,25.256851,20.429754
1954,2023,4,day10,28.920019,21.578143
1955,2023,4,day11,28.099977,22.594662
1956,2023,4,day12,30.443455,24.377967
1957,2023,4,day13,27.117388,19.64651
1958,2023,4,day14,27.921169,21.992729
1959,2023,4,day15,28.625266,22.617918
1960,2023,4,day16,25.83381,21.171387
1961,2023,4,day17,25.462529,18.888621
1962,2023,4,day18,26.269103,21.52148
1963,2023,4,day19,27.173338,20.304127
1964,2023,4,day2,30.446357,25.001351
1965,2023,4,day20,25.709981,20.788596
1966,2023,4,day21,29.867036,22.986013
1967,2023,4,day22,27.8891,21.973841
1968,2023,4,day23,26.264224,21.619239
1969,2023,4,day24,30.00019,25.910406
1970,2023,4,day25,25.258866,18.96492
1971,2023,4,day26,25.966775,19.448613
1972,2023,4,day27,25.235145,18.946068
1973,2023,4,day28,25.335472,20.302433
1974,2023,4,day29,26.080225,18.247272
1975,2023,4,day3,27.818045,21.999472
1976,2023,4,day30,28.596145,22.341726
1977,2023,4,day31,25.11172,18.233531
1978,2023,4,day4,25.278625,17.356266
1979,2023,4,day5,26.944427,20.129482
1980,2023,4,day6,28.128237,20.809649
1981,2023,4,day7,30.009234,24.955969
1982,2023,4,day8,28.2661,23.570701
1983,2023,4,day9,28.922052,23.460865
1984,2023,5,day1,27.898674,22.764855
1985,2023,5,day10,25.307086,19.765238
1986,2023,5,day11,24.579624,19.77023
1987,2023,5,day12,29.085753,23.068315
1988,2023,5,day13,26.446973,21.848729
1989,2023,5,day14,24.505995,18.602518
1990,2023,5,day15,27.616692,23.460546
1991,2023,5,day16,28.631413,22.618096
1992,2023,5,day17,24.633302,18.704338
1993,2023,5,day18,24.710176,18.296278
1994,2023,5,day19,28.893334,21.305458
1995,2023,5,day2,24.442694,18.645881
1996,2023,5,day20,28.577426,21.980499
1997,2023,5,day21,27.060469,21.578959
1998,2023,5,day22,24.188833,18.069567
1999,2023,5,day23,25.305121,18.09592
2000,2023,5,day24,28.665537,23.140591
2001,2023,5,day25,27.462492,20.496916
2002,2023,5,day26,28.497439,21.710608
2003,2023,5,day27,24.514505,19.978972
2004,2023,5,day28,26.791051,21.860999
2005,2023,5,day29,29.082523,23.949456
2006,2023,5,day3,29.884858,22.415649
2007,2023,5,day30,29.188801,23.554214
2008,2023,5,day31,25.062329,18.225734
2009,2023,5,day4,24.951604,17.63015
2010,2023,5,day5,27.533236,20.354771
2011,2023,5,day6,28.850922,24.123386
2012,2023,5,day7,27.886096,22.828013
2013,2023,5,day8,28.273324,22.902639
2014,2023,5,day9,26.649024,20.28664
2015,2023,6,day1,25.736535,19.424586
2016,2023,6,day10,25.702731,19.772859
2017,2023,6,day11,23.221278,17.001632
2018,2023,6,day12,22.522666,17.296054
2019,2023,6,day13,23.066138,16.244159
2020,2023,6,day14,25.414695,17.994699
2021,2023,6,day15,24.955697,17.96444
2022,2023,6,day16,23.679569,16.882323
2023,2023,6,day17,21.970771,17.112938
2024,2023,6,day18,23.403365,18.049614
2025,2023,6,day19,24.303457,17.515228
2026,2023,6,day2,21.706972,17.678195
2027,2023,6,day20,25.24074,20.597788
2028,2023,6,day21,26.787422,22.766259
2029,2023,6,day22,21.546532,16.965218
2030,2023,6,day23,26.555171,20.813661
2031,2023,6,day24,21.384483,16.497402
2032,2023,6,day25,21.480238,17.329217
2033,2023,6,day26,23.305956,15.368164
2034,2023,6,day27,24.683794,18.599771
2035,2023,6,day28,25.269635,18.879745
2036,2023,6,day29,26.674295,19.39338
2037,2023,6,day3,24.927277,18.17621
2038,2023,6,day30,24.841748,19.08586
2039,2023,6,day31,22.210243,15.582707
2040,2023,6,day4,22.89541,17.446331
2041,2023,6,day5,21.928671,15.322368
2042,2023,6,day6,22.521796,15.101889
2043,2023,6,day7,23.541369,18.078793
2044,2023,6,day8,22.653363,15.93094
2045,2023,6,day9,25.529831,19.876919
2046,2023,7,day1,21.823459,16.679433
2047,2023,7,day10,17.411703,13.05104
2048,2023,7,day11,18.706963,11.387904
2049,2023,7,day12,22.490054,17.097673
2050,2023,7,day13,22.779726,17.673695
2051,2023,7,day14,20.63818,15.86008
2052,2023,7,day15,22.578283,16.278656
2053,2023,7,day16,18.566645,12.938107
2054,2023,7,day17,17.63879,13.349246
2055,2023,7,day18,18.765511,10.977449
2056,2023,7,day19,21.817653,13.990816
2057,2023,7,day2,17.201656,10.803596
2058,2023,7,day20,22.256678,15.004089
2059,2023,7,day21,20.449363,13.672596
2060,2023,7,day22,22.796333,16.543658
2061,2023,7,day23,21.619803,14.58991
2062,2023,7,day24,22.767432,16.932039
2063,2023,7,day25,19.764323,13.417017
2064,2023,7,day26,17.164104,12.699031
2065,2023,7,day27,17.405326,10.870678
2066,2023,7,day28,22.965188,16.257536
2067,2023,7,day29,18.379581,13.116658
2068,2023,7,day3,20.094882,15.168198
2069,2023,7,day30,22.732674,16.666657
2070,2023,7,day31,17.058339,9.729631
2071,2023,7,day4,18.016897,13.872653
2072,2023,7,day5,18.43554,14.434391
2073,2023,7,day6,17.944669,9.9574
2074,2023,7,day7,21.678037,16.265527
2075,2023,7,day8,19.370859,13.026538
2076,2023,7,day9,20.106456,13.158754
2077,2023,8,day1,14.489546,10.117508
2078,2023,8,day10,14.216599,9.217818
2079,2023,8,day11,16.711581,12.087599
2080,2023,8,day12,13.640136,5.959383
2081,2023,8,day13,17.054873,10.401176
2082,2023,8,day14,16.682962,9.625985
2083,2023,8,day15,16.248844,12.079791
2084,2023,8,day16,15.893752,9.411083
2085,2023,8,day17,15.954042,8.012597
2086,2023,8,day18,18.381999,10.906923
2087,2023,8,day19,15.944832,8.007253
2088,2023,8,day2,17.042188,9.757889
2089,2023,8,day20,18.496041,13.374974
2090,2023,8,day21,14.332557,8.025896
2091,2023,8,day22,13.324889,6.127809
2092,2023,8,day23,15.86992,9.706849
2093,2023,8,day24,16.014851,10.439984
2094,2023,8,day25,17.118032,12.41883
2095,2023,8,day26,18.859043,12.066065
2096,2023,8,day27,15.760424,9.003581
2097,2023,8,day28,13.07092,8.22791
2098,2023,8,day29,16.486049,11.184305
2099,2023,8,day3,13.456173,5.730588
2100,2023,8,day30,16.676669,11.637866
2101,2023,8,day31,16.29138,11.342824
2102,2023,8,day4,15.859333,10.445181
2103,2023,8,day5,18.365898,13.289594
2104,2023,8,day6,18.682709,11.950279
2105,2023,8,day7,18.459565,12.463567
2106,2023,8,day8,14.197999,7.256283
2107,2023,8,day9,18.236455,13.40934
2108,2023,9,day1,12.899869,6.447533
2109,2023,9,day10,10.946859,3.110267
2110,2023,9,day11,10.969085,3.746412
2111,2023,9,day12,11.13144,5.133049
2112,2023,9,day13,16.045167,8.647608
2113,2023,9,day14,13.173839,6.291597
2114,2023,9,day15,14.783794,9.583658
2115,2023,9,day16,13.444627,7.173289
2116,2023,9,day17,12.462208,5.700035
2117,2023,9,day18,10.432015,3.176743
2118,2023,9,day19,12.931033,6.411584
2119,2023,9,day2,12.267342,6.272262
2120,2023,9,day20,12.770926,7.4323
2121,2023,9,day21,12.237569,5.996169
2122,2023,9,day22,15.662864,10.632005
2123,2023,9,day23,10.190809,5.705859
2124,2023,9,day24,15.276008,7.423542
2125,2023,9,day25,11.265545,4.961968
2126,2023,9,day26,13.966582,9.268427
2127,2023,9,day27,14.753651,9.333215
2128,2023,9,day28,14.110954,8.160979
2129,2023,9,day29,14.490954,6.932424
2130,2023,9,day3,11.334992,4.532141
2131,2023,9,day30,12.358223,7.212128
2132,2023,9,day31,13.86207,9.282677
2133,2023,9,day4,12.305655,4.88835
2134,2023,9,day5,11.749574,7.030017
2135,2023,9,day6,10.858632,4.555061
2136,2023,9,day7,11.443197,7.043718
2137,2023,9,day8,11.691491,6.748271
2138,2023,9,day9,12.665109,7.141576
2139,2023,10,day1,10.005453,2.774585
2140,2023,10,day10,14.793156,9.1372
2141,2023,10,day11,10.103317,6.010913
2142,2023,10,day12,13.366634,6.718544
2143,2023,10,day13,14.642624,7.839836
2144,2023,10,day14,9.480388,4.812747
2145,2023,10,day15,9.618056,5.362886
2146,2023,10,day16,14.272146,8.078411
2147,2023,10,day17,9.158189,3.570139
2148,2023,10,day18,13.589978,9.256973
2149,2023,10,day19,10.574714,5.953616
2150,2023,10,day2,11.02433,4.499236
2151,2023,10,day20,12.928996,5.387111
2152,2023,10,day21,10.856224,5.866638
2153,2023,10,day22,10.705052,4.199129
2154,2023,10,day23,9.787663,2.433592
2155,2023,10,day24,9.171428,2.517231
2156,2023,10,day25,14.162213,8.861408
2157,2023,10,day26,11.856928,3.957002
2158,2023,10,day27,12.243505,7.153847
2159,2023,10,day28,11.66907,3.790901
2160,2023,10,day29,13.185737,8.477591
2161,2023,10,day3,12.429825,5.034222
2162,2023,10,day30,12.585505,6.061315
2163,2023,10,day31,12.815107,6.559169
2164,2023,10,day4,9.428064,4.780067
2165,2023,10,day5,10.369308,5.101795
2166,2023,10,day6,10.748138,5.678249
2167,2023,10,day7,12.867866,7.782873
2168,2023,10,day8,11.66939,4.218164
2169,2023,10,day9,11.178989,4.83131
2170,2023,11,day1,13.212556,6.654443
2171,2023,11,day10,12.934199,8.897669
2172,2023,11,day11,12.654409,7.482718
2173,2023,11,day12,11.459089,7.430217
2174,2023,11,day13,12.31366,6.666717
2175,2023,11,day14,13.435123,7.856115
2176,2023,11,day15,11.051414,4.102942
2177,2023,11,day16,12.410136,6.896704
2178,2023,11,day17,11.649678,5.960721
2179,2023,11,day18,11.509168,4.451014
2180,2023,11,day19,15.531523,8.301223
2181,2023,11,day2,11.929765,6.541092
2182,2023,11,day20,14.179639,9.040931
2183,2023,11,day21,14.529358,7.294124
2184,2023,11,day22,12.54922,5.135292
2185,2023,11,day23,11.16624,6.007859
2186,2023,11,day24,13.893153,7.422235
2187,2023,11,day25,11.704602,5.213586
2188,2023,11,day26,11.198533,7.120952
2189,2023,11,day27,10.369589,4.229706
2190,2023,11,day28,11.187422,6.778328
2191,2023,11,day29,11.686968,4.826184
2192,2023,11,day3,13.309806,6.090974
2193,2023,11,day30,14.434439,9.503197
2194,2023,11,day31,10.975899,5.001581
2195,2023,11,day4,12.722959,7.259825
2196,2023,11,day5,11.630639,6.416347
2197,2023,11,day6,10.072351,2.810832
2198,2023,11,day7,15.159476,9.783936
2199,2023,11,day8,12.886985,8.853716
2200,2023,11,day9,15.604327,7.816497
2201,2023,12,day1,15.051477,9.80517
2202,2023,12,day10,17.608874,12.613025
2203,2023,12,day11,17.627352,11.855508
2204,2023,12,day12,17.425714,13.291673
2205,2023,12,day13,15.765008,8.681024
2206,2023,12,day14,16.126835,8.198371
2207,2023,12,day15,15.836953,9.111184
2208,2023,12,day16,14.872656,9.580403
2209,2023,12,day17,16.774986,12.606242
2210,2023,12,day18,18.624526,12.540821
2211,2023,12,day19,14.519876,7.965796
2212,2023,12,day2,17.796774,9.80492
2213,2023,12,day20,14.192342,6.642263
2214,2023,12,day21,18.181946,13.310793
2215,2023,12,day22,13.677571,7.145935
2216,2023,12,day23,14.947081,10.27764
2217,2023,12,day24,14.6566,10.178002
2218,2023,12,day25,17.734863,13.699143
2219,2023,12,day26,13.25196,6.118059
2220,2023,12,day27,15.851624,9.466775
2221,2023,12,day28,15.228392,10.870472
2222,2023,12,day29,13.946191,9.580585
2223,2023,12,day3,15.782107,8.616408
2224,2023,12,day30,16.711869,8.988474
2225,2023,12,day31,18.981839,12.481309
2226,2023,12,day4,14.981492,7.607307
2227,2023,12,day5,18.709864,14.485711
2228,2023,12,day6,17.653917,13.368379
2229,2023,12,day7,15.820881,11.052111
2230,2023,12,day8,18.049236,10.780233
2231,2023,12,day9,17.969512,13.481666
2232,2024,1,day1,17.358651,10.780351
2233,2024,1,day10,18.768288,11.980136
2234,2024,1,day11,18.138655,13.392148
2235,2024,1,day12,19.085988,12.156378
2236,2024,1,day13,18.651947,11.326548
2237,2024,1,day14,22.486844,16.268763
2238,2024,1,day15,17.41326,12.793158
2239,2024,1,day16,18.774036,13.720639
2240,2024,1,day17,19.202676,15.199797
2241,2024,1,day18,20.828156,15.311982
2242,2024,1,day19,18.113206,14.038326
2243,2024,1,day2,21.207969,14.042104
2244,2024,1,day20,22.140976,15.036909
2245,2024,1,day21,18.432719,11.548705
2246,2024,1,day22,20.949737,14.79391
2247,2024,1,day23,19.324945,13.228666
2248,2024,1,day24,19.985295,13.779424
2249,2024,1,day25,20.678235,15.387835
2250,2024,1,day26,20.845424,16.403567
2251,2024,1,day27,20.139203,15.872484
2252,2024,1,day28,22.01116,17.492063
2253,2024,1,day29,22.240957,17.432641
2254,2024,1,day3,17.754965,12.824266
2255,2024,1,day30,19.912222,15.517207
2256,2024,1,day31,20.426073,13.080875
2257,2024,1,day4,22.890054,15.735807
2258,2024,1,day5,21.540185,14.318084
2259,2024,1,day6,19.632313,14.860452
2260,2024,1,day7,21.1355,15.70283
2261,2024,1,day8,17.808393,10.213741
2262,2024,1,day9,19.911813,14.161813
2263,2024,2,day1,24.947528,18.844242
2264,2024,2,day10,25.250603,17.956031
2265,2024,2,day11,22.594894,18.432281
2266,2024,2,day12,21.422329,16.206711
2267,2024,2,day13,26.667621,18.825274
2268,2024,2,day14,21.582716,14.682028
2269,2024,2,day15,24.189966,19.432125
2270,2024,2,day16,24.157152,19.1621
2271,2024,2,day17,24.75195,20.036359
2272,2024,2,day18,25.495166,19.834428
2273,2024,2,day19,21.633085,15.078588
2274,2024,2,day2,25.207884,20.18413
2275,2024,2,day20,23.14778,17.312898
2276,2024,2,day21,24.991454,17.460158
2277,2024,2,day22,22.000856,17.27927
2278,2024,2,day23,23.409343,18.059292
2279,2024,2,day24,21.949059,13.955324
2280,2024,2,day25,23.658073,18.248777
2281,2024,2,day26,22.89093,14.925078
2282,2024,2,day27,22.947925,17.461047
2283,2024,2,day28,25.585106,19.862754
2284,2024,2,day29,25.355206,18.921553
2285,2024,2,day3,23.198124,16.77431
2286,2024,2,day30,24.378868,19.523156
2287,2024,2,day31,25.594249,17.889662
2288,2024,2,day4,21.425244,13.7044
2289,2024,2,day5,22.252429,16.286807
2290,2024,2,day6,26.338604,22.018777
2291,2024,2,day7,25.80612,21.563319
2292,2024,2,day8,24.348119,16.595144
2293,2024,2,day9,23.495719,18.019445
2294,2024,3,day1,25.452738,17.606131
2295,2024,3,day10,27.266142,19.562452
2296,2024,3,day11,24.856492,20.705547
2297,2024,3,day12,26.062138,21.508505
2298,2024,3,day13,26.130701,19.802078
2299,2024,3,day14,25.326168,18.081871
2300,2024,3,day15,24.479634,18.880441
2301,2024,3,day16,29.435494,22.49843
2302,2024,3,day17,28.269686,21.09807
2303,2024,3,day18,24.965618,17.662797
2304,2024,3,day19,28.065774,21.760844
2305,2024,3,day2,26.613202,21.02484
2306,2024,3,day20,29.374137,22.993212
2307,2024,3,day21,25.730563,18.807405
2308,2024,3,day22,27.385905,23.071996
2309,2024,3,day23,24.263739,17.180133
2310,2024,3,day24,26.015784,18.747218
2311,2024,3,day25,26.427334,18.956009
2312,2024,3,day26,29.146922,24.240052
2313,2024,3,day27,27.844878,21.435672
2314,2024,3,day28,23.99681,16.887135
2315,2024,3,day29,26.223125,21.003991
2316,2024,3,day3,28.286083,20.354257
2317,2024,3,day30,24.175297,18.015578
2318,2024,3,day31,24.825683,18.816077
2319,2024,3,day4,27.50278,21.432343
2320,2024,3,day5,29.888675,24.681309
2321,2024,3,day6,25.730207,20.84266
2322,2024,3,day7,29.062526,24.97572
2323,2024,3,day8,28.859843,22.100966
2324,2024,3,day9,25.583946,19.369293
2325,2024,4,day1,26.324783,22.122704
2326,2024,4,day10,25.782251,21.242768
2327,2024,4,day11,28.355777,22.404333
2328,2024,4,day12,28.913491,24.129093
2329,2024,4,day13,28.695981,21.75331
2330,2024,4,day14,26.477475,22.190899
2331,2024,4,day15,29.660631,24.366985
2332,2024,4,day16,30.544828,26.18645
2333,2024,4,day17,29.030485,23.336323
2334,2024,4,day18,27.089847,21.806894
2335,2024,4,day19,28.563263,24.466436
2336,2024,4,day2,29.389471,23.817941
2337,2024,4,day20,26.828913,18.878305
2338,2024,4,day21,28.697326,20.736689
2339,2024,4,day22,27.653261,23.069987
2340,2024,4,day23,25.269265,17.996578
2341,2024,4,day24,26.198111,20.702828
2342,2024,4,day25,29.546403,22.135346
2343,2024,4,day26,25.67423,21.456078
2344,2024,4,day27,30.693645,22.986727
2345,2024,4,day28,30.212514,22.931978
2346,2024,4,day29,25.0824,18.307219
2347,2024,4,day3,27.673697,21.293169
2348,2024,4,day30,25.667668,19.867422
2349,2024,4,day31,25.136489,20.300451
2350,2024,4,day4,28.028376,23.140034
2351,2024,4,day5,26.738698,21.161409
2352,2024,4,day6,25.793134,21.462954
2353,2024,4,day7,28.428644,24.231399
2354,2024,4,day8,27.395148,23.054832
2355,2024,4,day9,28.010939,20.915638
2356,2024,5,day1,27.156236,22.341031
2357,2024,5,day10,23.978208,18.423628
2358,2024,5,day11,25.556066,18.147734
2359,2024,5,day12,27.888805,20.431676
2360,2024,5,day13,24.042673,16.573031
2361,2024,5,day14,27.82467,22.899996
2362,2024,5,day15,26.21241,18.305963
2363,2024,5,day16,24.525826,19.264002
2364,2024,5,day17,29.12884,23.002597
2365,2024,5,day18,25.046708,19.044104
2366,2024,5,day19,26.676121,18.970721
2367,2024,5,day2,27.067799,22.033167
2368,2024,5,day20,24.057134,19.067565
2369,2024,5,day21,27.104695,21.770417
2370,2024,5,day22,26.288602,21.660581
2371,2024,5,day23,26.008883,20.60123
2372,2024,5,day24,27.679589,22.73477
2373,2024,5,day25,29.797669,23.792663
2374,2024,5,day26,28.79956,22.296391
2375,2024,5,day27,29.200267,21.638659
2376,2024,5,day28,28.817355,24.699491
2377,2024,5,day29,27.257839,22.137064
2378,2024,5,day3,26.826361,19.906667
2379,2024,5,day30,24.838452,17.249751
2380,2024,5,day31,27.869794,23.518614
2381,2024,5,day4,24.776288,17.981267
2382,2024,5,day5,24.038534,17.706515
2383,2024,5,day6,27.909373,23.735445
2384,2024,5,day7,24.950121,19.814067
2385,2024,5,day8,28.663334,22.191475
2386,2024,5,day9,24.246715,17.627683
2387,2024,6,day1,23.293243,15.45082
2388,2024,6,day10,24.142833,19.601823
2389,2024,6,day11,26.974115,19.071007
2390,2024,6,day12,21.870914,14.138795
2391,2024,6,day13,26.502673,21.232688
2392,2024,6,day14,24.344042,16.549636
2393,2024,6,day15,21.710324,16.439933
2394,2024,6,day16,26.277829,19.369511
2395,2024,6,day17,25.59261,18.072082
2396,2024,6,day18,23.484241,17.839234
2397,2024,6,day19,23.658027,15.922953
2398,2024,6,day2,24.67469,18.172592
2399,2024,6,day20,26.364781,18.63178
2400,2024,6,day21,22.642777,15.526345
2401,2024,6,day22,21.640629,16.901643
2402,2024,6,day23,25.574685,19.126759
2403,2024,6,day24,22.601176,16.333003
2404,2024,6,day25,22.385468,17.456738
2405,2024,6,day26,25.124267,19.687222
2406,2024,6,day27,25.128848,19.222439
2407,2024,6,day28,24.013948,17.5951
2408,2024,6,day29,25.272115,19.776277
2409,2024,6,day3,22.364568,17.403125
2410,2024,6,day30,26.112777,20.146994
2411,2024,6,day31,21.825076,17.052037
2412,2024,6,day4,21.916495,14.034346
2413,2024,6,day5,26.458412,21.141273
2414,2024,6,day6,24.253403,19.426373
2415,2024,6,day7,21.831459,15.666044
2416,2024,6,day8,25.80063,18.35028
2417,2024,6,day9,22.85399,16.033445
2418,2024,7,day1,17.193377,10.135222
2419,2024,7,day10,21.411991,15.890494
2420,2024,7,day11,18.877385,12.431365
2421,2024,7,day12,21.454807,15.079584
2422,2024,7,day13,20.151383,12.648251
2423,2024,7,day14,21.721519,15.638923
2424,2024,7,day15,19.709658,12.401617
2425,2024,7,day16,17.254495,9.27115
2426,2024,7,day17,20.112216,14.529771
2427,2024,7,day18,21.41102,15.180217
2428,2024,7,day19,20.09676,13.574166
2429,2024,7,day2,17.090086,12.010651
2430,2024,7,day20,17.295773,12.131055
2431,2024,7,day21,19.388239,14.170023
2432,2024,7,day22,21.965726,16.120337
2433,2024,7,day23,19.534773,13.082236
2434,2024,7,day24,17.32728,11.259401
2435,2024,7,day25,17.853438,10.533864
2436,2024,7,day26,19.710189,12.819601
2437,2024,7,day27,17.67903,10.564105
2438,2024,7,day28,22.627055,15.842598
2439,2024,7,day29,17.81184,12.157603
2440,2024,7,day3,19.478264,12.508797
2441,2024,7,day30,19.705315,14.989801
2442,2024,7,day31,20.541893,13.691355
2443,2024,7,day4,22.929461,15.898354
2444,2024,7,day5,17.396818,9.688405
2445,2024,7,day6,22.913766,15.44525
2446,2024,7,day7,19.939657,14.640075
2447,2024,7,day8,19.74527,14.758134
2448,2024,7,day9,19.429201,15.261896
2449,2024,8,day1,14.211592,8.392859
2450,2024,8,day10,17.609562,9.960551
2451,2024,8,day11,16.392949,9.754828
2452,2024,8,day12,13.900538,6.425264
2453,2024,8,day13,14.073201,7.225011
2454,2024,8,day14,15.51749,10.279417
2455,2024,8,day15,17.611783,11.82675
2456,2024,8,day16,16.758717,12.288501
2457,2024,8,day17,13.789426,8.978019
2458,2024,8,day18,16.735362,11.722918
2459,2024,8,day19,15.751856,8.330212
2460,2024,8,day2,14.500494,7.733624
2461,2024,8,day20,16.261007,12.238005
2462,2024,8,day21,18.296218,13.344704
2463,2024,8,day22,16.533174,10.630326
2464,2024,8,day23,15.460908,11.143289
2465,2024,8,day24,16.600613,11.62176
2466,2024,8,day25,16.28405,9.804986
2467,2024,8,day26,16.345292,9.044282
2468,2024,8,day27,13.293513,8.700488
2469,2024,8,day28,16.919661,12.772777
2470,2024,8,day29,18.122976,11.45499
2471,2024,8,day3,18.442975,11.25703
2472,2024,8,day30,18.028087,12.83432
2473,2024,8,day31,18.522308,14.326183
2474,2024,8,day4,17.310248,12.816071
2475,2024,8,day5,13.68499,7.887396
2476,2024,8,day6,15.17766,9.082391
2477,2024,8,day7,15.304524,8.140258
2478,2024,8,day8,16.069999,8.270983
2479,2024,8,day9,15.272072,9.749644
2480,2024,9,day1,12.573538,7.860545
2481,2024,9,day10,11.828793,7.29061
2482,2024,9,day11,14.239513,9.141839
2483,2024,9,day12,13.234113,7.135528
2484,2024,9,day13,14.246774,7.798559
2485,2024,9,day14,10.72761,3.808696
2486,2024,9,day15,13.845668,5.896911
2487,2024,9,day16,12.973775,6.219158
2488,2024,9,day17,15.675147,7.730033
2489,2024,9,day18,11.794921,5.359542
2490,2024,9,day19,11.970728,5.869163
2491,2024,9,day2,14.10434,7.659981
2492,2024,9,day20,16.041943,10.626529
2493,2024,9,day21,10.850076,4.599538
2494,2024,9,day22,13.190032,6.662601
2495,2024,9,day23,13.026823,8.307195
2496,2024,9,day24,13.728231,6.893883
2497,2024,9,day25,15.947343,11.941019
2498,2024,9,day26,10.215718,3.713875
2499,2024,9,day27,10.779351,3.387072
2500,2024,9,day28,14.869183,6.873235
2501,2024,9,day29,12.556044,7.220875
2502,2024,9,day3,14.220878,7.841003
2503,2024,9,day30,13.43429,6.884276
2504,2024,9,day31,10.13958,5.334832
2505,2024,9,day4,14.795642,10.085965
2506,2024,9,day5,12.803824,6.487959
2507,2024,9,day6,15.660676,11.288171
2508,2024,9,day7,11.867564,6.393286
2509,2024,9,day8,12.345433,8.074766
2510,2024,9,day9,12.63574,6.433855
2511,2024,10,day1,10.68976,3.528978
2512,2024,10,day10,11.888973,5.380171
2513,2024,10,day11,14.35235,8.20448
2514,2024,10,day12,11.010658,3.874702
2515,2024,10,day13,11.483718,4.51338
2516,2024,10,day14,14.010634,8.813259
2517,2024,10,day15,13.349785,8.087774
2518,2024,10,day16,12.215313,7.382263
2519,2024,10,day17,13.11296,5.914818
2520,2024,10,day18,14.328177,8.913795
2521,2024,10,day19,14.81768,9.69584
2522,2024,10,day2,10.846635,4.819877
2523,2024,10,day20,9.187039,1.252564
2524,2024,10,day21,12.759065,5.389442
2525,2024,10,day22,12.42589,6.867625
2526,2024,10,day23,12.571151,5.112776
2527,2024,10,day24,13.509241,6.688177
2528,2024,10,day25,10.886996,6.760484
2529,2024,10,day26,11.483217,5.495
2530,2024,10,day27,10.425853,4.618228
2531,2024,10,day28,14.70436,9.839801
2532,2024,10,day29,10.81391,6.364985
2533,2024,10,day3,10.943543,6.919018
2534,2024,10,day30,13.709664,6.598502
2535,2024,10,day31,14.480123,8.705027
2536,2024,10,day4,13.115015,7.749568
2537,2024,10,day5,13.34638,6.882406
2538,2024,10,day6,9.174704,4.472188
2539,2024,10,day7,10.983089,5.631342
2540,2024,10,day8,13.034838,5.370186
2541,2024,10,day9,13.783526,7.200917
2542,2024,11,day1,10.221405,4.290753
2543,2024,11,day10,10.096456,2.367107
2544,2024,11,day11,14.194111,7.81696
2545,2024,11,day12,10.594252,4.726749
2546,2024,11,day13,10.348635,4.266325
2547,2024,11,day14,14.025702,8.775779
2548,2024,11,day15,13.537156,8.288584
2549,2024,11,day16,15.42461,10.141089
2550,2024,11,day17,11.227071,6.120472
2551,2024,11,day18,11.986696,6.222233
2552,2024,11,day19,10.777702,6.180419
2553,2024,11,day2,13.072123,8.311276
2554,2024,11,day20,11.713618,7.652591
2555,2024,11,day21,13.809467,7.753224
2556,2024,11,day22,11.311261,5.909988
2557,2024,11,day23,11.982706,7.416479
2558,2024,11,day24,14.297919,9.164848
2559,2024,11,day25,11.540747,7.255776
2560,2024,11,day26,13.751374,8.396419
2561,2024,11,day27,12.733683,8.213387
2562,2024,11,day28,12.89621,6.194226
2563,2024,11,day29,10.707358,6.492159
2564,2024,11,day3,15.613617,8.683853
2565,2024,11,day30,12.630591,7.914659
2566,2024,11,day31,13.648525,7.2775
2567,2024,11,day4,13.213565,6.111432
2568,2024,11,day5,10.931567,3.444371
2569,2024,11,day6,15.004628,7.252532
2570,2024,11,day7,14.132101,9.601232
2571,2024,11,day8,14.419221,8.581747
2572,2024,11,day9,14.353861,8.264482
2573,2024,12,day1,18.017046,11.219584
2574,2024,12,day10,15.792379,10.865603
2575,2024,12,day11,14.342767,6.898382
2576,2024,12,day12,16.701653,9.050206
2577,2024,12,day13,15.352462,8.554003
2578,2024,12,day14,16.991084,9.835969
2579,2024,12,day15,18.294423,12.481291
2580,2024,12,day16,13.181585,7.280247
2581,2024,12,day17,15.108645,9.263678
2582,2024,12,day18,14.024809,6.953043
2583,2024,12,day19,16.626641,12.117065
2584,2024,12,day2,16.697892,11.448129
2585,2024,12,day20,13.617593,6.347382
2586,2024,12,day21,17.780547,12.477068
2587,2024,12,day22,16.896708,9.726985
2588,2024,12,day23,16.196473,10.593207
2589,2024,12,day24,15.480651,8.997152
2590,2024,12,day25,16.287694,8.392127
2591,2024,12,day26,15.302899,9.940042
2592,2024,12,day27,17.883494,11.519613
2593,2024,12,day28,17.705884,11.964469
2594,2024,12,day29,17.723961,11.545853
2595,2024,12,day3,17.904652,11.053057
2596,2024,12,day30,14.416926,7.766477
2597,2024,12,day31,13.467366,5.743913
2598,2024,12,day4,17.025222,10.891282
2599,2024,12,day5,18.842091,11.81912
2600,2024,12,day6,15.794172,11.266991
2601,2024,12,day7,17.877106,10.19835
2602,2024,12,day8,15.809655,9.987319
2603,2024,12,day9,17.106868,10.266004
